Flight_ID,Flight_Date,Departure_Airport,Arrival_Airport,Booking_Date,Fare_Class,Ticket_Price,Booking_Channel,No_Show
F103,2025-06-01 00:00:00,LAX,SEA,2025-05-01 00:00:00,Premium,559,Web,0
F104,2025-06-01 01:00:00,ORD,BOS,2025-05-01 01:00:00,Premium,500,App,0
F101,2025-06-01 02:00:00,JFK,MIA,2025-05-01 02:00:00,Economy,650,App,0
F103,2025-06-01 03:00:00,JFK,BOS,2025-05-01 03:00:00,Economy,492,App,0
F103,2025-06-01 04:00:00,JFK,BOS,2025-05-01 04:00:00,Premium,966,Web,0
F104,2025-06-01 05:00:00,JFK,SEA,2025-05-01 05:00:00,Economy,863,App,0
F101,2025-06-01 06:00:00,DFW,BOS,2025-05-01 06:00:00,Economy,944,Web,0
F101,2025-06-01 07:00:00,JFK,SEA,2025-05-01 07:00:00,Premium,306,Web,0
F103,2025-06-01 08:00:00,DFW,ATL,2025-05-01 08:00:00,Economy,309,Agent,0
F102,2025-06-01 09:00:00,DFW,ATL,2025-05-01 09:00:00,Business,214,App,0
F103,2025-06-01 10:00:00,JFK,SEA,2025-05-01 10:00:00,Business,836,Web,0
F103,2025-06-01 11:00:00,JFK,ATL,2025-05-01 11:00:00,Business,745,App,0
F103,2025-06-01 12:00:00,LAX,MIA,2025-05-01 12:00:00,Business,350,App,0
F103,2025-06-01 13:00:00,ORD,BOS,2025-05-01 13:00:00,Premium,318,Agent,0
F104,2025-06-01 14:00:00,JFK,MIA,2025-05-01 14:00:00,Premium,506,App,0
F101,2025-06-01 15:00:00,LAX,BOS,2025-05-01 15:00:00,Premium,542,Agent,1
F104,2025-06-01 16:00:00,LAX,ATL,2025-05-01 16:00:00,Business,702,Web,0
F104,2025-06-01 17:00:00,ORD,MIA,2025-05-01 17:00:00,Business,453,App,0
F104,2025-06-01 18:00:00,DFW,ATL,2025-05-01 18:00:00,Economy,987,Web,1
F103,2025-06-01 19:00:00,JFK,BOS,2025-05-01 19:00:00,Economy,657,App,0
F102,2025-06-01 20:00:00,ORD,SEA,2025-05-01 20:00:00,Business,649,Web,0
F101,2025-06-01 21:00:00,JFK,SEA,2025-05-01 21:00:00,Business,241,App,0
F102,2025-06-01 22:00:00,LAX,MIA,2025-05-01 22:00:00,Business,711,App,0
F104,2025-06-01 23:00:00,LAX,ATL,2025-05-01 23:00:00,Business,600,App,0
F104,2025-06-02 00:00:00,DFW,ATL,2025-05-02 00:00:00,Economy,939,App,0
F102,2025-06-02 01:00:00,LAX,MIA,2025-05-02 01:00:00,Business,801,App,1
F102,2025-06-02 02:00:00,LAX,SEA,2025-05-02 02:00:00,Economy,646,App,1
F102,2025-06-02 03:00:00,ORD,BOS,2025-05-02 03:00:00,Business,758,App,0
F104,2025-06-02 04:00:00,JFK,MIA,2025-05-02 04:00:00,Business,641,App,0
F104,2025-06-02 05:00:00,JFK,BOS,2025-05-02 05:00:00,Business,945,App,0
F101,2025-06-02 06:00:00,ORD,SEA,2025-05-02 06:00:00,Economy,606,Web,1
F101,2025-06-02 07:00:00,DFW,ATL,2025-05-02 07:00:00,Economy,695,Agent,1
F104,2025-06-02 08:00:00,JFK,SEA,2025-05-02 08:00:00,Premium,980,App,0
F102,2025-06-02 09:00:00,LAX,MIA,2025-05-02 09:00:00,Business,380,Agent,0
F102,2025-06-02 10:00:00,JFK,ATL,2025-05-02 10:00:00,Premium,523,App,0
F101,2025-06-02 11:00:00,LAX,MIA,2025-05-02 11:00:00,Premium,955,App,0
F104,2025-06-02 12:00:00,DFW,MIA,2025-05-02 12:00:00,Economy,369,Web,0
F101,2025-06-02 13:00:00,ORD,SEA,2025-05-02 13:00:00,Economy,253,Web,0
F101,2025-06-02 14:00:00,JFK,MIA,2025-05-02 14:00:00,Premium,713,Agent,0
F103,2025-06-02 15:00:00,ORD,SEA,2025-05-02 15:00:00,Business,826,Web,0
F103,2025-06-02 16:00:00,JFK,ATL,2025-05-02 16:00:00,Economy,761,Web,0
F103,2025-06-02 17:00:00,LAX,SEA,2025-05-02 17:00:00,Business,182,Agent,1
F102,2025-06-02 18:00:00,ORD,ATL,2025-05-02 18:00:00,Business,721,Web,0
F104,2025-06-02 19:00:00,JFK,SEA,2025-05-02 19:00:00,Premium,998,App,0
F104,2025-06-02 20:00:00,LAX,BOS,2025-05-02 20:00:00,Premium,525,Agent,0
F104,2025-06-02 21:00:00,ORD,BOS,2025-05-02 21:00:00,Premium,374,Agent,0
F104,2025-06-02 22:00:00,ORD,MIA,2025-05-02 22:00:00,Premium,812,App,0
F103,2025-06-02 23:00:00,JFK,SEA,2025-05-02 23:00:00,Economy,383,Web,0
F102,2025-06-03 00:00:00,JFK,SEA,2025-05-03 00:00:00,Economy,272,Agent,0
F102,2025-06-03 01:00:00,JFK,ATL,2025-05-03 01:00:00,Premium,426,Agent,0
F103,2025-06-03 02:00:00,LAX,MIA,2025-05-03 02:00:00,Economy,817,App,0
F102,2025-06-03 03:00:00,JFK,SEA,2025-05-03 03:00:00,Premium,162,App,0
F103,2025-06-03 04:00:00,ORD,MIA,2025-05-03 04:00:00,Business,172,Web,0
F104,2025-06-03 05:00:00,ORD,BOS,2025-05-03 05:00:00,Business,862,Agent,0
F103,2025-06-03 06:00:00,JFK,SEA,2025-05-03 06:00:00,Business,735,Web,0
F104,2025-06-03 07:00:00,JFK,SEA,2025-05-03 07:00:00,Premium,474,Web,0
F104,2025-06-03 08:00:00,DFW,MIA,2025-05-03 08:00:00,Business,732,App,0
F101,2025-06-03 09:00:00,ORD,SEA,2025-05-03 09:00:00,Economy,607,Agent,0
F103,2025-06-03 10:00:00,LAX,MIA,2025-05-03 10:00:00,Business,886,Agent,0
F101,2025-06-03 11:00:00,DFW,SEA,2025-05-03 11:00:00,Business,497,Agent,0
F103,2025-06-03 12:00:00,JFK,ATL,2025-05-03 12:00:00,Business,219,App,0
F103,2025-06-03 13:00:00,JFK,MIA,2025-05-03 13:00:00,Economy,536,App,0
F101,2025-06-03 14:00:00,ORD,SEA,2025-05-03 14:00:00,Premium,928,App,0
F101,2025-06-03 15:00:00,JFK,BOS,2025-05-03 15:00:00,Economy,775,App,1
F103,2025-06-03 16:00:00,LAX,SEA,2025-05-03 16:00:00,Premium,564,App,0
F102,2025-06-03 17:00:00,ORD,BOS,2025-05-03 17:00:00,Premium,385,Agent,0
F104,2025-06-03 18:00:00,JFK,BOS,2025-05-03 18:00:00,Business,364,Web,0
F101,2025-06-03 19:00:00,ORD,ATL,2025-05-03 19:00:00,Premium,419,Agent,0
F104,2025-06-03 20:00:00,JFK,MIA,2025-05-03 20:00:00,Economy,772,Web,0
F102,2025-06-03 21:00:00,JFK,SEA,2025-05-03 21:00:00,Economy,475,App,0
F102,2025-06-03 22:00:00,JFK,ATL,2025-05-03 22:00:00,Premium,919,Web,1
F102,2025-06-03 23:00:00,LAX,SEA,2025-05-03 23:00:00,Business,188,Agent,0
F101,2025-06-04 00:00:00,LAX,BOS,2025-05-04 00:00:00,Business,753,Agent,0
F102,2025-06-04 01:00:00,ORD,MIA,2025-05-04 01:00:00,Economy,302,Web,0
F101,2025-06-04 02:00:00,JFK,SEA,2025-05-04 02:00:00,Business,920,App,0
F102,2025-06-04 03:00:00,JFK,SEA,2025-05-04 03:00:00,Premium,838,App,0
F104,2025-06-04 04:00:00,LAX,BOS,2025-05-04 04:00:00,Premium,433,Agent,0
F104,2025-06-04 05:00:00,JFK,SEA,2025-05-04 05:00:00,Economy,321,Web,0
F103,2025-06-04 06:00:00,LAX,SEA,2025-05-04 06:00:00,Premium,140,App,0
F104,2025-06-04 07:00:00,JFK,BOS,2025-05-04 07:00:00,Economy,807,App,1
F103,2025-06-04 08:00:00,ORD,ATL,2025-05-04 08:00:00,Premium,167,Agent,1
F104,2025-06-04 09:00:00,JFK,BOS,2025-05-04 09:00:00,Economy,875,App,0
F101,2025-06-04 10:00:00,JFK,ATL,2025-05-04 10:00:00,Business,613,Web,0
F104,2025-06-04 11:00:00,DFW,MIA,2025-05-04 11:00:00,Premium,972,Agent,1
F103,2025-06-04 12:00:00,LAX,ATL,2025-05-04 12:00:00,Premium,736,Agent,1
F103,2025-06-04 13:00:00,JFK,ATL,2025-05-04 13:00:00,Economy,721,Web,0
F102,2025-06-04 14:00:00,JFK,MIA,2025-05-04 14:00:00,Economy,697,Agent,0
F101,2025-06-04 15:00:00,DFW,ATL,2025-05-04 15:00:00,Premium,731,App,0
F104,2025-06-04 16:00:00,DFW,BOS,2025-05-04 16:00:00,Economy,226,App,0
F102,2025-06-04 17:00:00,LAX,ATL,2025-05-04 17:00:00,Premium,354,Web,1
F104,2025-06-04 18:00:00,DFW,MIA,2025-05-04 18:00:00,Business,794,App,0
F104,2025-06-04 19:00:00,ORD,BOS,2025-05-04 19:00:00,Economy,115,Web,1
F102,2025-06-04 20:00:00,DFW,MIA,2025-05-04 20:00:00,Premium,576,Web,0
F102,2025-06-04 21:00:00,ORD,MIA,2025-05-04 21:00:00,Business,161,App,1
F102,2025-06-04 22:00:00,LAX,SEA,2025-05-04 22:00:00,Business,980,Web,0
F102,2025-06-04 23:00:00,LAX,SEA,2025-05-04 23:00:00,Premium,531,App,0
F102,2025-06-05 00:00:00,LAX,MIA,2025-05-05 00:00:00,Economy,769,Agent,0
F104,2025-06-05 01:00:00,LAX,MIA,2025-05-05 01:00:00,Premium,367,Agent,0
F102,2025-06-05 02:00:00,LAX,MIA,2025-05-05 02:00:00,Business,134,Web,0
F101,2025-06-05 03:00:00,ORD,SEA,2025-05-05 03:00:00,Premium,878,App,1
F103,2025-06-05 04:00:00,ORD,SEA,2025-05-05 04:00:00,Economy,675,App,0
F102,2025-06-05 05:00:00,LAX,ATL,2025-05-05 05:00:00,Business,593,Agent,1
F102,2025-06-05 06:00:00,DFW,ATL,2025-05-05 06:00:00,Premium,661,Agent,1
F104,2025-06-05 07:00:00,JFK,MIA,2025-05-05 07:00:00,Economy,568,App,0
F102,2025-06-05 08:00:00,LAX,BOS,2025-05-05 08:00:00,Business,866,Web,0
F102,2025-06-05 09:00:00,DFW,BOS,2025-05-05 09:00:00,Economy,760,Agent,0
F102,2025-06-05 10:00:00,JFK,SEA,2025-05-05 10:00:00,Business,424,Web,0
F104,2025-06-05 11:00:00,LAX,SEA,2025-05-05 11:00:00,Premium,403,Web,0
F102,2025-06-05 12:00:00,LAX,SEA,2025-05-05 12:00:00,Economy,375,Agent,0
F103,2025-06-05 13:00:00,ORD,MIA,2025-05-05 13:00:00,Business,968,Web,0
F104,2025-06-05 14:00:00,JFK,BOS,2025-05-05 14:00:00,Economy,783,Web,0
F103,2025-06-05 15:00:00,JFK,ATL,2025-05-05 15:00:00,Economy,300,App,0
F104,2025-06-05 16:00:00,DFW,MIA,2025-05-05 16:00:00,Premium,544,Web,0
F102,2025-06-05 17:00:00,ORD,ATL,2025-05-05 17:00:00,Economy,423,App,1
F103,2025-06-05 18:00:00,ORD,ATL,2025-05-05 18:00:00,Business,134,Agent,0
F104,2025-06-05 19:00:00,ORD,MIA,2025-05-05 19:00:00,Business,581,Agent,1
F101,2025-06-05 20:00:00,ORD,ATL,2025-05-05 20:00:00,Business,827,App,0
F102,2025-06-05 21:00:00,JFK,BOS,2025-05-05 21:00:00,Business,579,Agent,0
F104,2025-06-05 22:00:00,JFK,ATL,2025-05-05 22:00:00,Premium,164,Web,0
F101,2025-06-05 23:00:00,LAX,BOS,2025-05-05 23:00:00,Economy,107,Web,0
F104,2025-06-06 00:00:00,LAX,BOS,2025-05-06 00:00:00,Premium,400,Web,0
F101,2025-06-06 01:00:00,ORD,BOS,2025-05-06 01:00:00,Economy,442,Agent,0
F102,2025-06-06 02:00:00,ORD,SEA,2025-05-06 02:00:00,Economy,530,Web,0
F103,2025-06-06 03:00:00,ORD,ATL,2025-05-06 03:00:00,Economy,523,Agent,0
F101,2025-06-06 04:00:00,LAX,MIA,2025-05-06 04:00:00,Premium,431,Web,0
F104,2025-06-06 05:00:00,DFW,MIA,2025-05-06 05:00:00,Economy,537,App,0
F102,2025-06-06 06:00:00,DFW,ATL,2025-05-06 06:00:00,Premium,687,Agent,0
F101,2025-06-06 07:00:00,LAX,SEA,2025-05-06 07:00:00,Business,273,Agent,0
F104,2025-06-06 08:00:00,LAX,SEA,2025-05-06 08:00:00,Business,658,Web,0
F104,2025-06-06 09:00:00,LAX,BOS,2025-05-06 09:00:00,Economy,626,Agent,0
F104,2025-06-06 10:00:00,LAX,ATL,2025-05-06 10:00:00,Premium,972,Agent,0
F101,2025-06-06 11:00:00,LAX,ATL,2025-05-06 11:00:00,Business,758,App,1
F101,2025-06-06 12:00:00,LAX,MIA,2025-05-06 12:00:00,Premium,125,App,0
F101,2025-06-06 13:00:00,ORD,ATL,2025-05-06 13:00:00,Premium,919,Web,0
F103,2025-06-06 14:00:00,ORD,SEA,2025-05-06 14:00:00,Economy,704,App,0
F101,2025-06-06 15:00:00,ORD,ATL,2025-05-06 15:00:00,Business,505,Web,0
F101,2025-06-06 16:00:00,ORD,MIA,2025-05-06 16:00:00,Economy,331,Web,0
F101,2025-06-06 17:00:00,LAX,BOS,2025-05-06 17:00:00,Economy,632,Web,0
F103,2025-06-06 18:00:00,DFW,MIA,2025-05-06 18:00:00,Business,918,Agent,0
F101,2025-06-06 19:00:00,JFK,MIA,2025-05-06 19:00:00,Business,649,App,0
F104,2025-06-06 20:00:00,LAX,BOS,2025-05-06 20:00:00,Premium,887,Web,0
F101,2025-06-06 21:00:00,JFK,MIA,2025-05-06 21:00:00,Business,604,App,0
F104,2025-06-06 22:00:00,DFW,MIA,2025-05-06 22:00:00,Premium,768,Web,0
F104,2025-06-06 23:00:00,ORD,ATL,2025-05-06 23:00:00,Premium,278,App,0
F104,2025-06-07 00:00:00,DFW,ATL,2025-05-07 00:00:00,Premium,231,App,0
F103,2025-06-07 01:00:00,LAX,BOS,2025-05-07 01:00:00,Business,922,Web,0
F103,2025-06-07 02:00:00,ORD,ATL,2025-05-07 02:00:00,Economy,554,Agent,0
F103,2025-06-07 03:00:00,LAX,ATL,2025-05-07 03:00:00,Premium,447,App,0
F101,2025-06-07 04:00:00,ORD,MIA,2025-05-07 04:00:00,Economy,639,Agent,0
F104,2025-06-07 05:00:00,JFK,SEA,2025-05-07 05:00:00,Economy,871,Agent,0
F103,2025-06-07 06:00:00,JFK,ATL,2025-05-07 06:00:00,Business,505,Web,0
F103,2025-06-07 07:00:00,JFK,SEA,2025-05-07 07:00:00,Economy,175,Web,0
F101,2025-06-07 08:00:00,DFW,ATL,2025-05-07 08:00:00,Economy,678,Web,0
F103,2025-06-07 09:00:00,LAX,ATL,2025-05-07 09:00:00,Business,953,App,0
F101,2025-06-07 10:00:00,DFW,BOS,2025-05-07 10:00:00,Premium,591,Web,0
F102,2025-06-07 11:00:00,JFK,BOS,2025-05-07 11:00:00,Economy,293,Web,0
F103,2025-06-07 12:00:00,LAX,BOS,2025-05-07 12:00:00,Business,261,App,1
F102,2025-06-07 13:00:00,JFK,SEA,2025-05-07 13:00:00,Economy,446,App,0
F101,2025-06-07 14:00:00,DFW,MIA,2025-05-07 14:00:00,Economy,460,Web,0
F104,2025-06-07 15:00:00,DFW,ATL,2025-05-07 15:00:00,Premium,868,Web,0
F103,2025-06-07 16:00:00,DFW,ATL,2025-05-07 16:00:00,Economy,683,Web,1
F101,2025-06-07 17:00:00,JFK,ATL,2025-05-07 17:00:00,Business,186,Web,1
F104,2025-06-07 18:00:00,LAX,SEA,2025-05-07 18:00:00,Economy,361,Agent,0
F104,2025-06-07 19:00:00,LAX,BOS,2025-05-07 19:00:00,Premium,313,Agent,0
F102,2025-06-07 20:00:00,JFK,MIA,2025-05-07 20:00:00,Premium,764,Web,0
F101,2025-06-07 21:00:00,LAX,SEA,2025-05-07 21:00:00,Business,821,Agent,0
F104,2025-06-07 22:00:00,JFK,BOS,2025-05-07 22:00:00,Premium,672,App,0
F103,2025-06-07 23:00:00,LAX,SEA,2025-05-07 23:00:00,Economy,879,Agent,0
F103,2025-06-08 00:00:00,ORD,MIA,2025-05-08 00:00:00,Premium,361,Agent,0
F102,2025-06-08 01:00:00,ORD,BOS,2025-05-08 01:00:00,Business,829,Web,0
F104,2025-06-08 02:00:00,DFW,SEA,2025-05-08 02:00:00,Premium,382,Agent,1
F101,2025-06-08 03:00:00,ORD,MIA,2025-05-08 03:00:00,Premium,747,Agent,0
F103,2025-06-08 04:00:00,ORD,ATL,2025-05-08 04:00:00,Premium,566,Agent,0
F104,2025-06-08 05:00:00,ORD,MIA,2025-05-08 05:00:00,Business,479,Agent,0
F104,2025-06-08 06:00:00,JFK,ATL,2025-05-08 06:00:00,Premium,461,App,0
F102,2025-06-08 07:00:00,ORD,SEA,2025-05-08 07:00:00,Premium,548,Web,0
F103,2025-06-08 08:00:00,ORD,BOS,2025-05-08 08:00:00,Economy,540,Web,0
F103,2025-06-08 09:00:00,DFW,BOS,2025-05-08 09:00:00,Business,192,App,1
F101,2025-06-08 10:00:00,ORD,SEA,2025-05-08 10:00:00,Premium,720,Agent,0
F103,2025-06-08 11:00:00,ORD,BOS,2025-05-08 11:00:00,Business,852,App,0
F101,2025-06-08 12:00:00,LAX,BOS,2025-05-08 12:00:00,Premium,966,Agent,0
F103,2025-06-08 13:00:00,DFW,ATL,2025-05-08 13:00:00,Premium,523,App,0
F102,2025-06-08 14:00:00,DFW,SEA,2025-05-08 14:00:00,Premium,241,Web,0
F103,2025-06-08 15:00:00,DFW,MIA,2025-05-08 15:00:00,Economy,390,Web,0
F101,2025-06-08 16:00:00,DFW,ATL,2025-05-08 16:00:00,Economy,531,Web,0
F101,2025-06-08 17:00:00,DFW,SEA,2025-05-08 17:00:00,Economy,848,Agent,0
F102,2025-06-08 18:00:00,DFW,ATL,2025-05-08 18:00:00,Business,951,Agent,0
F103,2025-06-08 19:00:00,JFK,MIA,2025-05-08 19:00:00,Business,923,App,0
F103,2025-06-08 20:00:00,ORD,MIA,2025-05-08 20:00:00,Economy,788,App,0
F102,2025-06-08 21:00:00,DFW,SEA,2025-05-08 21:00:00,Business,752,Web,0
F103,2025-06-08 22:00:00,ORD,MIA,2025-05-08 22:00:00,Premium,800,Agent,0
F103,2025-06-08 23:00:00,ORD,ATL,2025-05-08 23:00:00,Premium,148,App,0
F101,2025-06-09 00:00:00,JFK,MIA,2025-05-09 00:00:00,Premium,401,Agent,0
F103,2025-06-09 01:00:00,DFW,ATL,2025-05-09 01:00:00,Economy,980,Agent,0
F103,2025-06-09 02:00:00,LAX,ATL,2025-05-09 02:00:00,Business,289,Web,0
F102,2025-06-09 03:00:00,JFK,MIA,2025-05-09 03:00:00,Economy,235,Web,1
F102,2025-06-09 04:00:00,LAX,SEA,2025-05-09 04:00:00,Business,654,Agent,1
F104,2025-06-09 05:00:00,ORD,BOS,2025-05-09 05:00:00,Premium,503,Agent,0
F101,2025-06-09 06:00:00,ORD,MIA,2025-05-09 06:00:00,Economy,991,Agent,0
F103,2025-06-09 07:00:00,JFK,ATL,2025-05-09 07:00:00,Business,964,Agent,0
F103,2025-06-09 08:00:00,JFK,ATL,2025-05-09 08:00:00,Business,701,Web,0
F104,2025-06-09 09:00:00,LAX,MIA,2025-05-09 09:00:00,Premium,906,App,0
F103,2025-06-09 10:00:00,DFW,SEA,2025-05-09 10:00:00,Economy,440,Web,0
F101,2025-06-09 11:00:00,LAX,SEA,2025-05-09 11:00:00,Economy,856,App,0
F104,2025-06-09 12:00:00,JFK,ATL,2025-05-09 12:00:00,Economy,803,Agent,0
F101,2025-06-09 13:00:00,LAX,ATL,2025-05-09 13:00:00,Premium,417,App,0
F104,2025-06-09 14:00:00,JFK,SEA,2025-05-09 14:00:00,Economy,717,Web,0
F104,2025-06-09 15:00:00,LAX,BOS,2025-05-09 15:00:00,Premium,462,Web,0
F102,2025-06-09 16:00:00,JFK,MIA,2025-05-09 16:00:00,Premium,921,Agent,0
F101,2025-06-09 17:00:00,JFK,ATL,2025-05-09 17:00:00,Premium,481,Web,0
F103,2025-06-09 18:00:00,JFK,ATL,2025-05-09 18:00:00,Business,332,Agent,1
F103,2025-06-09 19:00:00,DFW,SEA,2025-05-09 19:00:00,Economy,876,Web,0
F101,2025-06-09 20:00:00,LAX,MIA,2025-05-09 20:00:00,Economy,443,Web,0
F103,2025-06-09 21:00:00,LAX,SEA,2025-05-09 21:00:00,Premium,648,Agent,0
F103,2025-06-09 22:00:00,LAX,MIA,2025-05-09 22:00:00,Premium,916,App,1
F101,2025-06-09 23:00:00,JFK,MIA,2025-05-09 23:00:00,Economy,652,Web,0
F104,2025-06-10 00:00:00,LAX,MIA,2025-05-10 00:00:00,Premium,628,App,0
F101,2025-06-10 01:00:00,LAX,ATL,2025-05-10 01:00:00,Economy,955,Web,0
F104,2025-06-10 02:00:00,JFK,BOS,2025-05-10 02:00:00,Business,888,Web,0
F103,2025-06-10 03:00:00,ORD,SEA,2025-05-10 03:00:00,Premium,918,Web,0
F103,2025-06-10 04:00:00,JFK,BOS,2025-05-10 04:00:00,Economy,670,Web,0
F103,2025-06-10 05:00:00,LAX,SEA,2025-05-10 05:00:00,Premium,282,App,0
F102,2025-06-10 06:00:00,JFK,MIA,2025-05-10 06:00:00,Economy,140,App,0
F104,2025-06-10 07:00:00,ORD,ATL,2025-05-10 07:00:00,Economy,650,Web,1
F102,2025-06-10 08:00:00,JFK,BOS,2025-05-10 08:00:00,Premium,496,Web,0
F102,2025-06-10 09:00:00,LAX,ATL,2025-05-10 09:00:00,Business,803,App,0
F101,2025-06-10 10:00:00,ORD,SEA,2025-05-10 10:00:00,Economy,878,Agent,0
F102,2025-06-10 11:00:00,DFW,ATL,2025-05-10 11:00:00,Economy,593,Agent,0
F101,2025-06-10 12:00:00,LAX,ATL,2025-05-10 12:00:00,Economy,758,App,1
F101,2025-06-10 13:00:00,ORD,BOS,2025-05-10 13:00:00,Business,432,Web,0
F102,2025-06-10 14:00:00,ORD,MIA,2025-05-10 14:00:00,Business,226,Web,0
F104,2025-06-10 15:00:00,DFW,ATL,2025-05-10 15:00:00,Premium,657,Agent,0
F104,2025-06-10 16:00:00,JFK,MIA,2025-05-10 16:00:00,Business,656,Agent,0
F104,2025-06-10 17:00:00,JFK,SEA,2025-05-10 17:00:00,Premium,100,App,0
F104,2025-06-10 18:00:00,LAX,ATL,2025-05-10 18:00:00,Premium,267,Agent,0
F104,2025-06-10 19:00:00,DFW,BOS,2025-05-10 19:00:00,Business,719,App,0
F102,2025-06-10 20:00:00,JFK,SEA,2025-05-10 20:00:00,Premium,118,Agent,1
F102,2025-06-10 21:00:00,DFW,SEA,2025-05-10 21:00:00,Business,431,Agent,0
F103,2025-06-10 22:00:00,JFK,BOS,2025-05-10 22:00:00,Premium,683,Agent,0
F104,2025-06-10 23:00:00,ORD,ATL,2025-05-10 23:00:00,Business,555,Web,0
F102,2025-06-11 00:00:00,JFK,ATL,2025-05-11 00:00:00,Business,208,Web,0
F103,2025-06-11 01:00:00,DFW,SEA,2025-05-11 01:00:00,Premium,367,Web,0
F104,2025-06-11 02:00:00,ORD,ATL,2025-05-11 02:00:00,Economy,544,Agent,0
F101,2025-06-11 03:00:00,ORD,MIA,2025-05-11 03:00:00,Premium,339,App,0
F103,2025-06-11 04:00:00,ORD,BOS,2025-05-11 04:00:00,Business,400,App,0
F102,2025-06-11 05:00:00,DFW,MIA,2025-05-11 05:00:00,Economy,701,App,0
F101,2025-06-11 06:00:00,LAX,ATL,2025-05-11 06:00:00,Premium,202,App,1
F101,2025-06-11 07:00:00,LAX,SEA,2025-05-11 07:00:00,Premium,349,Web,0
F101,2025-06-11 08:00:00,LAX,BOS,2025-05-11 08:00:00,Premium,552,Web,0
F103,2025-06-11 09:00:00,DFW,ATL,2025-05-11 09:00:00,Economy,619,Agent,0
F102,2025-06-11 10:00:00,ORD,ATL,2025-05-11 10:00:00,Business,252,Agent,0
F101,2025-06-11 11:00:00,LAX,SEA,2025-05-11 11:00:00,Premium,958,App,0
F104,2025-06-11 12:00:00,DFW,SEA,2025-05-11 12:00:00,Premium,273,Web,0
F101,2025-06-11 13:00:00,LAX,MIA,2025-05-11 13:00:00,Premium,442,App,0
F101,2025-06-11 14:00:00,JFK,BOS,2025-05-11 14:00:00,Premium,769,Agent,0
F103,2025-06-11 15:00:00,LAX,BOS,2025-05-11 15:00:00,Premium,530,Agent,0
F103,2025-06-11 16:00:00,LAX,SEA,2025-05-11 16:00:00,Business,826,App,0
F102,2025-06-11 17:00:00,ORD,MIA,2025-05-11 17:00:00,Business,788,Agent,0
F104,2025-06-11 18:00:00,DFW,BOS,2025-05-11 18:00:00,Premium,786,App,0
F103,2025-06-11 19:00:00,ORD,SEA,2025-05-11 19:00:00,Economy,951,Web,0
F101,2025-06-11 20:00:00,ORD,ATL,2025-05-11 20:00:00,Business,949,App,0
F102,2025-06-11 21:00:00,ORD,BOS,2025-05-11 21:00:00,Economy,757,Web,0
F101,2025-06-11 22:00:00,ORD,MIA,2025-05-11 22:00:00,Business,423,Web,0
F101,2025-06-11 23:00:00,ORD,MIA,2025-05-11 23:00:00,Premium,772,Agent,0
F103,2025-06-12 00:00:00,LAX,MIA,2025-05-12 00:00:00,Business,738,Agent,0
F102,2025-06-12 01:00:00,ORD,ATL,2025-05-12 01:00:00,Premium,519,Agent,0
F104,2025-06-12 02:00:00,ORD,BOS,2025-05-12 02:00:00,Business,693,App,0
F104,2025-06-12 03:00:00,DFW,BOS,2025-05-12 03:00:00,Premium,584,App,0
F103,2025-06-12 04:00:00,JFK,ATL,2025-05-12 04:00:00,Premium,758,Agent,0
F103,2025-06-12 05:00:00,LAX,BOS,2025-05-12 05:00:00,Premium,850,App,0
F102,2025-06-12 06:00:00,LAX,ATL,2025-05-12 06:00:00,Premium,511,Agent,0
F104,2025-06-12 07:00:00,LAX,ATL,2025-05-12 07:00:00,Economy,183,App,0
F104,2025-06-12 08:00:00,ORD,ATL,2025-05-12 08:00:00,Premium,212,Web,0
F104,2025-06-12 09:00:00,ORD,MIA,2025-05-12 09:00:00,Economy,836,Web,1
F101,2025-06-12 10:00:00,ORD,BOS,2025-05-12 10:00:00,Economy,431,Agent,0
F104,2025-06-12 11:00:00,DFW,ATL,2025-05-12 11:00:00,Premium,477,App,0
F101,2025-06-12 12:00:00,JFK,BOS,2025-05-12 12:00:00,Economy,854,App,0
F102,2025-06-12 13:00:00,ORD,MIA,2025-05-12 13:00:00,Business,754,Web,0
F101,2025-06-12 14:00:00,JFK,ATL,2025-05-12 14:00:00,Premium,140,Web,0
F102,2025-06-12 15:00:00,DFW,SEA,2025-05-12 15:00:00,Economy,869,Agent,0
F104,2025-06-12 16:00:00,LAX,MIA,2025-05-12 16:00:00,Premium,896,Web,0
F104,2025-06-12 17:00:00,ORD,SEA,2025-05-12 17:00:00,Premium,204,Agent,0
F102,2025-06-12 18:00:00,JFK,BOS,2025-05-12 18:00:00,Premium,301,Web,0
F103,2025-06-12 19:00:00,JFK,BOS,2025-05-12 19:00:00,Economy,549,Web,1
F102,2025-06-12 20:00:00,ORD,MIA,2025-05-12 20:00:00,Business,918,App,0
F103,2025-06-12 21:00:00,LAX,BOS,2025-05-12 21:00:00,Business,942,Web,1
F101,2025-06-12 22:00:00,LAX,SEA,2025-05-12 22:00:00,Economy,365,Web,0
F101,2025-06-12 23:00:00,LAX,ATL,2025-05-12 23:00:00,Premium,309,Agent,0
F101,2025-06-13 00:00:00,DFW,ATL,2025-05-13 00:00:00,Economy,662,Web,0
F104,2025-06-13 01:00:00,JFK,ATL,2025-05-13 01:00:00,Economy,217,Agent,0
F101,2025-06-13 02:00:00,JFK,MIA,2025-05-13 02:00:00,Economy,812,Web,0
F103,2025-06-13 03:00:00,JFK,BOS,2025-05-13 03:00:00,Premium,476,Web,1
F101,2025-06-13 04:00:00,DFW,SEA,2025-05-13 04:00:00,Economy,650,Agent,1
F102,2025-06-13 05:00:00,JFK,BOS,2025-05-13 05:00:00,Premium,639,App,0
F102,2025-06-13 06:00:00,DFW,BOS,2025-05-13 06:00:00,Economy,870,Agent,0
F104,2025-06-13 07:00:00,LAX,BOS,2025-05-13 07:00:00,Business,183,Agent,0
F102,2025-06-13 08:00:00,ORD,ATL,2025-05-13 08:00:00,Economy,553,Agent,1
F103,2025-06-13 09:00:00,JFK,SEA,2025-05-13 09:00:00,Economy,766,App,0
F101,2025-06-13 10:00:00,JFK,SEA,2025-05-13 10:00:00,Business,728,Web,0
F104,2025-06-13 11:00:00,LAX,BOS,2025-05-13 11:00:00,Premium,613,Agent,0
F101,2025-06-13 12:00:00,ORD,ATL,2025-05-13 12:00:00,Premium,704,Agent,0
F101,2025-06-13 13:00:00,DFW,ATL,2025-05-13 13:00:00,Economy,777,App,1
F103,2025-06-13 14:00:00,ORD,SEA,2025-05-13 14:00:00,Business,486,Agent,0
F102,2025-06-13 15:00:00,LAX,ATL,2025-05-13 15:00:00,Premium,449,Web,0
F102,2025-06-13 16:00:00,LAX,ATL,2025-05-13 16:00:00,Economy,395,App,0
F101,2025-06-13 17:00:00,ORD,ATL,2025-05-13 17:00:00,Business,357,Web,0
F104,2025-06-13 18:00:00,DFW,MIA,2025-05-13 18:00:00,Premium,180,Web,0
F102,2025-06-13 19:00:00,DFW,BOS,2025-05-13 19:00:00,Premium,367,App,0
F104,2025-06-13 20:00:00,JFK,SEA,2025-05-13 20:00:00,Business,518,Agent,0
F102,2025-06-13 21:00:00,DFW,SEA,2025-05-13 21:00:00,Business,334,Web,1
F104,2025-06-13 22:00:00,ORD,MIA,2025-05-13 22:00:00,Business,932,Web,0
F103,2025-06-13 23:00:00,LAX,BOS,2025-05-13 23:00:00,Business,410,Web,0
F104,2025-06-14 00:00:00,JFK,SEA,2025-05-14 00:00:00,Economy,912,Web,1
F103,2025-06-14 01:00:00,JFK,ATL,2025-05-14 01:00:00,Business,456,App,0
F103,2025-06-14 02:00:00,LAX,SEA,2025-05-14 02:00:00,Premium,312,App,0
F104,2025-06-14 03:00:00,DFW,ATL,2025-05-14 03:00:00,Premium,673,Web,0
F103,2025-06-14 04:00:00,LAX,MIA,2025-05-14 04:00:00,Economy,148,Agent,0
F101,2025-06-14 05:00:00,DFW,ATL,2025-05-14 05:00:00,Premium,226,Web,0
F103,2025-06-14 06:00:00,LAX,SEA,2025-05-14 06:00:00,Premium,322,Agent,1
F102,2025-06-14 07:00:00,ORD,SEA,2025-05-14 07:00:00,Business,378,Web,0
F104,2025-06-14 08:00:00,DFW,SEA,2025-05-14 08:00:00,Premium,507,Agent,0
F101,2025-06-14 09:00:00,ORD,MIA,2025-05-14 09:00:00,Economy,604,Web,0
F104,2025-06-14 10:00:00,JFK,MIA,2025-05-14 10:00:00,Business,393,Agent,0
F102,2025-06-14 11:00:00,LAX,BOS,2025-05-14 11:00:00,Business,895,Web,0
F102,2025-06-14 12:00:00,JFK,SEA,2025-05-14 12:00:00,Economy,376,Web,0
F102,2025-06-14 13:00:00,JFK,ATL,2025-05-14 13:00:00,Business,537,Agent,0
F103,2025-06-14 14:00:00,JFK,MIA,2025-05-14 14:00:00,Business,206,App,0
F103,2025-06-14 15:00:00,JFK,SEA,2025-05-14 15:00:00,Economy,757,Agent,1
F104,2025-06-14 16:00:00,LAX,SEA,2025-05-14 16:00:00,Business,519,App,0
F104,2025-06-14 17:00:00,JFK,MIA,2025-05-14 17:00:00,Economy,710,Web,0
F101,2025-06-14 18:00:00,LAX,BOS,2025-05-14 18:00:00,Economy,528,Agent,0
F101,2025-06-14 19:00:00,LAX,MIA,2025-05-14 19:00:00,Premium,474,Agent,0
F104,2025-06-14 20:00:00,ORD,MIA,2025-05-14 20:00:00,Premium,172,Agent,0
F103,2025-06-14 21:00:00,DFW,ATL,2025-05-14 21:00:00,Business,733,App,0
F102,2025-06-14 22:00:00,DFW,ATL,2025-05-14 22:00:00,Business,129,App,0
F104,2025-06-14 23:00:00,LAX,BOS,2025-05-14 23:00:00,Economy,287,Web,0
F101,2025-06-15 00:00:00,ORD,SEA,2025-05-15 00:00:00,Business,463,App,1
F103,2025-06-15 01:00:00,LAX,MIA,2025-05-15 01:00:00,Economy,965,App,1
F104,2025-06-15 02:00:00,LAX,BOS,2025-05-15 02:00:00,Economy,899,Web,1
F104,2025-06-15 03:00:00,LAX,ATL,2025-05-15 03:00:00,Business,550,Agent,0
F103,2025-06-15 04:00:00,ORD,MIA,2025-05-15 04:00:00,Economy,294,Agent,0
F104,2025-06-15 05:00:00,DFW,SEA,2025-05-15 05:00:00,Premium,255,Web,0
F103,2025-06-15 06:00:00,ORD,ATL,2025-05-15 06:00:00,Business,271,Agent,0
F102,2025-06-15 07:00:00,JFK,ATL,2025-05-15 07:00:00,Premium,946,App,0
F103,2025-06-15 08:00:00,ORD,ATL,2025-05-15 08:00:00,Business,140,Web,0
F103,2025-06-15 09:00:00,ORD,BOS,2025-05-15 09:00:00,Economy,162,Web,0
F103,2025-06-15 10:00:00,ORD,SEA,2025-05-15 10:00:00,Business,122,Web,0
F104,2025-06-15 11:00:00,ORD,MIA,2025-05-15 11:00:00,Premium,459,Agent,0
F104,2025-06-15 12:00:00,DFW,BOS,2025-05-15 12:00:00,Economy,174,Web,0
F103,2025-06-15 13:00:00,JFK,BOS,2025-05-15 13:00:00,Business,659,Web,0
F104,2025-06-15 14:00:00,DFW,BOS,2025-05-15 14:00:00,Business,771,Web,0
F101,2025-06-15 15:00:00,DFW,ATL,2025-05-15 15:00:00,Business,924,Agent,0
F101,2025-06-15 16:00:00,ORD,SEA,2025-05-15 16:00:00,Premium,217,App,0
F104,2025-06-15 17:00:00,LAX,BOS,2025-05-15 17:00:00,Premium,711,Web,0
F104,2025-06-15 18:00:00,LAX,MIA,2025-05-15 18:00:00,Business,479,App,0
F103,2025-06-15 19:00:00,DFW,SEA,2025-05-15 19:00:00,Economy,778,Agent,0
F102,2025-06-15 20:00:00,DFW,MIA,2025-05-15 20:00:00,Economy,389,Agent,0
F104,2025-06-15 21:00:00,ORD,SEA,2025-05-15 21:00:00,Premium,539,Agent,0
F101,2025-06-15 22:00:00,DFW,MIA,2025-05-15 22:00:00,Economy,767,Agent,1
F103,2025-06-15 23:00:00,ORD,ATL,2025-05-15 23:00:00,Premium,106,App,0
F104,2025-06-16 00:00:00,LAX,BOS,2025-05-16 00:00:00,Business,295,Web,0
F101,2025-06-16 01:00:00,LAX,MIA,2025-05-16 01:00:00,Premium,520,Agent,0
F101,2025-06-16 02:00:00,JFK,SEA,2025-05-16 02:00:00,Premium,667,Agent,1
F102,2025-06-16 03:00:00,LAX,BOS,2025-05-16 03:00:00,Business,932,App,0
F103,2025-06-16 04:00:00,DFW,BOS,2025-05-16 04:00:00,Economy,292,App,0
F103,2025-06-16 05:00:00,LAX,SEA,2025-05-16 05:00:00,Premium,658,Agent,0
F102,2025-06-16 06:00:00,ORD,MIA,2025-05-16 06:00:00,Premium,247,Web,1
F102,2025-06-16 07:00:00,LAX,ATL,2025-05-16 07:00:00,Business,886,Web,0
F103,2025-06-16 08:00:00,JFK,ATL,2025-05-16 08:00:00,Economy,768,Agent,0
F103,2025-06-16 09:00:00,LAX,MIA,2025-05-16 09:00:00,Premium,301,App,0
F104,2025-06-16 10:00:00,ORD,BOS,2025-05-16 10:00:00,Business,543,Agent,0
F104,2025-06-16 11:00:00,ORD,BOS,2025-05-16 11:00:00,Premium,518,Agent,0
F102,2025-06-16 12:00:00,DFW,BOS,2025-05-16 12:00:00,Business,526,App,0
F104,2025-06-16 13:00:00,LAX,BOS,2025-05-16 13:00:00,Economy,578,Agent,0
F101,2025-06-16 14:00:00,ORD,MIA,2025-05-16 14:00:00,Economy,574,Agent,0
F104,2025-06-16 15:00:00,JFK,BOS,2025-05-16 15:00:00,Economy,225,Agent,0
F104,2025-06-16 16:00:00,DFW,SEA,2025-05-16 16:00:00,Economy,494,App,1
F101,2025-06-16 17:00:00,JFK,BOS,2025-05-16 17:00:00,Premium,916,Web,0
F102,2025-06-16 18:00:00,LAX,ATL,2025-05-16 18:00:00,Premium,980,Web,0
F101,2025-06-16 19:00:00,LAX,BOS,2025-05-16 19:00:00,Economy,905,App,0
F104,2025-06-16 20:00:00,LAX,MIA,2025-05-16 20:00:00,Economy,675,Web,0
F102,2025-06-16 21:00:00,DFW,ATL,2025-05-16 21:00:00,Economy,424,Agent,0
F104,2025-06-16 22:00:00,ORD,MIA,2025-05-16 22:00:00,Premium,491,Web,0
F101,2025-06-16 23:00:00,DFW,MIA,2025-05-16 23:00:00,Economy,787,Agent,0
F101,2025-06-17 00:00:00,JFK,ATL,2025-05-17 00:00:00,Economy,727,Web,0
F104,2025-06-17 01:00:00,DFW,MIA,2025-05-17 01:00:00,Economy,539,App,0
F103,2025-06-17 02:00:00,JFK,MIA,2025-05-17 02:00:00,Business,303,Web,0
F103,2025-06-17 03:00:00,DFW,BOS,2025-05-17 03:00:00,Economy,585,Web,0
F101,2025-06-17 04:00:00,ORD,SEA,2025-05-17 04:00:00,Business,932,Web,1
F101,2025-06-17 05:00:00,JFK,MIA,2025-05-17 05:00:00,Business,130,App,0
F103,2025-06-17 06:00:00,LAX,MIA,2025-05-17 06:00:00,Economy,487,Web,1
F103,2025-06-17 07:00:00,LAX,MIA,2025-05-17 07:00:00,Business,724,App,0
F104,2025-06-17 08:00:00,DFW,BOS,2025-05-17 08:00:00,Economy,976,Agent,1
F104,2025-06-17 09:00:00,LAX,SEA,2025-05-17 09:00:00,Premium,533,Web,0
F103,2025-06-17 10:00:00,JFK,ATL,2025-05-17 10:00:00,Premium,936,App,0
F104,2025-06-17 11:00:00,LAX,BOS,2025-05-17 11:00:00,Premium,475,App,0
F104,2025-06-17 12:00:00,ORD,BOS,2025-05-17 12:00:00,Premium,443,Web,0
F102,2025-06-17 13:00:00,ORD,SEA,2025-05-17 13:00:00,Business,542,Agent,0
F104,2025-06-17 14:00:00,DFW,SEA,2025-05-17 14:00:00,Economy,678,App,0
F101,2025-06-17 15:00:00,JFK,BOS,2025-05-17 15:00:00,Economy,174,Web,0
F104,2025-06-17 16:00:00,ORD,ATL,2025-05-17 16:00:00,Economy,656,Agent,0
F104,2025-06-17 17:00:00,ORD,BOS,2025-05-17 17:00:00,Premium,871,App,0
F103,2025-06-17 18:00:00,JFK,SEA,2025-05-17 18:00:00,Premium,765,App,0
F101,2025-06-17 19:00:00,LAX,ATL,2025-05-17 19:00:00,Economy,254,Agent,0
F104,2025-06-17 20:00:00,LAX,SEA,2025-05-17 20:00:00,Premium,529,Agent,0
F104,2025-06-17 21:00:00,DFW,ATL,2025-05-17 21:00:00,Economy,462,Web,0
F102,2025-06-17 22:00:00,LAX,MIA,2025-05-17 22:00:00,Economy,547,Web,0
F104,2025-06-17 23:00:00,JFK,SEA,2025-05-17 23:00:00,Economy,333,App,0
F104,2025-06-18 00:00:00,ORD,SEA,2025-05-18 00:00:00,Economy,662,Agent,0
F102,2025-06-18 01:00:00,LAX,BOS,2025-05-18 01:00:00,Economy,917,Agent,0
F103,2025-06-18 02:00:00,DFW,SEA,2025-05-18 02:00:00,Economy,361,Agent,0
F104,2025-06-18 03:00:00,LAX,SEA,2025-05-18 03:00:00,Economy,926,App,0
F102,2025-06-18 04:00:00,JFK,MIA,2025-05-18 04:00:00,Premium,224,Agent,0
F101,2025-06-18 05:00:00,DFW,SEA,2025-05-18 05:00:00,Economy,344,Agent,0
F103,2025-06-18 06:00:00,LAX,MIA,2025-05-18 06:00:00,Economy,641,App,0
F101,2025-06-18 07:00:00,DFW,MIA,2025-05-18 07:00:00,Premium,584,Web,0
F101,2025-06-18 08:00:00,JFK,MIA,2025-05-18 08:00:00,Premium,221,Web,0
F102,2025-06-18 09:00:00,ORD,MIA,2025-05-18 09:00:00,Premium,224,App,0
F104,2025-06-18 10:00:00,JFK,ATL,2025-05-18 10:00:00,Economy,648,Agent,0
F102,2025-06-18 11:00:00,JFK,BOS,2025-05-18 11:00:00,Business,269,App,0
F102,2025-06-18 12:00:00,JFK,ATL,2025-05-18 12:00:00,Business,223,Web,0
F102,2025-06-18 13:00:00,JFK,SEA,2025-05-18 13:00:00,Premium,968,Web,0
F102,2025-06-18 14:00:00,ORD,ATL,2025-05-18 14:00:00,Business,134,App,0
F103,2025-06-18 15:00:00,ORD,ATL,2025-05-18 15:00:00,Premium,186,App,1
F104,2025-06-18 16:00:00,DFW,SEA,2025-05-18 16:00:00,Economy,745,Web,0
F101,2025-06-18 17:00:00,LAX,SEA,2025-05-18 17:00:00,Business,807,App,1
F101,2025-06-18 18:00:00,ORD,SEA,2025-05-18 18:00:00,Economy,885,Web,0
F104,2025-06-18 19:00:00,ORD,ATL,2025-05-18 19:00:00,Business,300,App,0
F101,2025-06-18 20:00:00,LAX,ATL,2025-05-18 20:00:00,Economy,468,App,0
F104,2025-06-18 21:00:00,ORD,SEA,2025-05-18 21:00:00,Business,896,App,0
F101,2025-06-18 22:00:00,JFK,BOS,2025-05-18 22:00:00,Economy,176,Web,0
F102,2025-06-18 23:00:00,JFK,BOS,2025-05-18 23:00:00,Economy,158,App,0
F101,2025-06-19 00:00:00,LAX,MIA,2025-05-19 00:00:00,Business,530,Web,0
F104,2025-06-19 01:00:00,DFW,SEA,2025-05-19 01:00:00,Economy,737,Web,1
F104,2025-06-19 02:00:00,DFW,MIA,2025-05-19 02:00:00,Economy,599,App,0
F104,2025-06-19 03:00:00,LAX,BOS,2025-05-19 03:00:00,Economy,208,App,0
F104,2025-06-19 04:00:00,LAX,MIA,2025-05-19 04:00:00,Business,835,Web,0
F104,2025-06-19 05:00:00,JFK,SEA,2025-05-19 05:00:00,Business,377,Web,0
F103,2025-06-19 06:00:00,DFW,SEA,2025-05-19 06:00:00,Economy,167,Agent,0
F103,2025-06-19 07:00:00,ORD,SEA,2025-05-19 07:00:00,Economy,168,Web,0
F101,2025-06-19 08:00:00,JFK,ATL,2025-05-19 08:00:00,Business,264,Agent,1
F104,2025-06-19 09:00:00,LAX,MIA,2025-05-19 09:00:00,Business,588,Agent,0
F101,2025-06-19 10:00:00,DFW,BOS,2025-05-19 10:00:00,Economy,404,Agent,0
F104,2025-06-19 11:00:00,ORD,BOS,2025-05-19 11:00:00,Economy,773,App,0
F104,2025-06-19 12:00:00,ORD,BOS,2025-05-19 12:00:00,Economy,464,App,0
F103,2025-06-19 13:00:00,JFK,ATL,2025-05-19 13:00:00,Premium,953,Web,0
F103,2025-06-19 14:00:00,DFW,ATL,2025-05-19 14:00:00,Business,920,Agent,0
F102,2025-06-19 15:00:00,DFW,SEA,2025-05-19 15:00:00,Premium,478,App,0
F103,2025-06-19 16:00:00,LAX,BOS,2025-05-19 16:00:00,Business,442,App,0
F102,2025-06-19 17:00:00,DFW,ATL,2025-05-19 17:00:00,Business,998,App,0
F102,2025-06-19 18:00:00,DFW,SEA,2025-05-19 18:00:00,Business,653,App,0
F102,2025-06-19 19:00:00,JFK,BOS,2025-05-19 19:00:00,Business,453,App,0
F102,2025-06-19 20:00:00,DFW,MIA,2025-05-19 20:00:00,Business,515,Agent,0
F102,2025-06-19 21:00:00,ORD,SEA,2025-05-19 21:00:00,Business,208,Agent,0
F101,2025-06-19 22:00:00,JFK,ATL,2025-05-19 22:00:00,Business,662,Agent,0
F103,2025-06-19 23:00:00,JFK,ATL,2025-05-19 23:00:00,Premium,861,Agent,0
F102,2025-06-20 00:00:00,LAX,SEA,2025-05-20 00:00:00,Economy,596,Web,0
F104,2025-06-20 01:00:00,DFW,SEA,2025-05-20 01:00:00,Economy,440,Agent,0
F103,2025-06-20 02:00:00,LAX,ATL,2025-05-20 02:00:00,Premium,482,App,0
F103,2025-06-20 03:00:00,ORD,MIA,2025-05-20 03:00:00,Premium,632,Agent,0
F102,2025-06-20 04:00:00,JFK,BOS,2025-05-20 04:00:00,Premium,399,Web,0
F101,2025-06-20 05:00:00,JFK,MIA,2025-05-20 05:00:00,Premium,238,App,0
F102,2025-06-20 06:00:00,JFK,SEA,2025-05-20 06:00:00,Business,458,Agent,0
F101,2025-06-20 07:00:00,ORD,MIA,2025-05-20 07:00:00,Economy,935,Agent,0
F104,2025-06-20 08:00:00,ORD,ATL,2025-05-20 08:00:00,Business,598,Agent,1
F103,2025-06-20 09:00:00,LAX,SEA,2025-05-20 09:00:00,Economy,484,App,0
F104,2025-06-20 10:00:00,LAX,BOS,2025-05-20 10:00:00,Economy,703,App,0
F101,2025-06-20 11:00:00,LAX,ATL,2025-05-20 11:00:00,Premium,379,Web,0
F101,2025-06-20 12:00:00,DFW,ATL,2025-05-20 12:00:00,Business,736,App,0
F104,2025-06-20 13:00:00,JFK,BOS,2025-05-20 13:00:00,Premium,582,App,1
F101,2025-06-20 14:00:00,JFK,BOS,2025-05-20 14:00:00,Business,210,Agent,0
F104,2025-06-20 15:00:00,LAX,MIA,2025-05-20 15:00:00,Economy,965,App,1
F103,2025-06-20 16:00:00,JFK,SEA,2025-05-20 16:00:00,Premium,238,Agent,1
F104,2025-06-20 17:00:00,LAX,BOS,2025-05-20 17:00:00,Premium,534,Agent,1
F103,2025-06-20 18:00:00,DFW,BOS,2025-05-20 18:00:00,Economy,608,App,0
F104,2025-06-20 19:00:00,DFW,SEA,2025-05-20 19:00:00,Economy,372,Web,0
F101,2025-06-20 20:00:00,ORD,BOS,2025-05-20 20:00:00,Economy,198,Web,0
F104,2025-06-20 21:00:00,DFW,BOS,2025-05-20 21:00:00,Premium,863,App,0
F101,2025-06-20 22:00:00,LAX,MIA,2025-05-20 22:00:00,Business,949,Web,0
F104,2025-06-20 23:00:00,DFW,ATL,2025-05-20 23:00:00,Premium,203,Agent,0
F104,2025-06-21 00:00:00,ORD,ATL,2025-05-21 00:00:00,Business,313,Agent,0
F102,2025-06-21 01:00:00,JFK,ATL,2025-05-21 01:00:00,Premium,860,App,0
F101,2025-06-21 02:00:00,LAX,ATL,2025-05-21 02:00:00,Premium,763,Web,0
F102,2025-06-21 03:00:00,JFK,BOS,2025-05-21 03:00:00,Economy,861,Web,0
F101,2025-06-21 04:00:00,ORD,SEA,2025-05-21 04:00:00,Business,886,Agent,0
F102,2025-06-21 05:00:00,ORD,SEA,2025-05-21 05:00:00,Premium,264,App,0
F103,2025-06-21 06:00:00,ORD,MIA,2025-05-21 06:00:00,Premium,952,Web,0
F104,2025-06-21 07:00:00,JFK,MIA,2025-05-21 07:00:00,Economy,619,App,0
F101,2025-06-21 08:00:00,JFK,BOS,2025-05-21 08:00:00,Economy,383,Web,0
F101,2025-06-21 09:00:00,JFK,SEA,2025-05-21 09:00:00,Business,616,Agent,1
F104,2025-06-21 10:00:00,JFK,SEA,2025-05-21 10:00:00,Premium,756,Agent,0
F101,2025-06-21 11:00:00,ORD,ATL,2025-05-21 11:00:00,Business,712,App,0
F101,2025-06-21 12:00:00,ORD,BOS,2025-05-21 12:00:00,Premium,263,Agent,0
F102,2025-06-21 13:00:00,LAX,BOS,2025-05-21 13:00:00,Business,985,Web,0
F101,2025-06-21 14:00:00,LAX,ATL,2025-05-21 14:00:00,Economy,758,Agent,0
F103,2025-06-21 15:00:00,JFK,BOS,2025-05-21 15:00:00,Premium,163,App,0
F103,2025-06-21 16:00:00,DFW,BOS,2025-05-21 16:00:00,Business,190,App,0
F104,2025-06-21 17:00:00,DFW,MIA,2025-05-21 17:00:00,Economy,216,App,0
F101,2025-06-21 18:00:00,ORD,SEA,2025-05-21 18:00:00,Economy,965,Web,0
F104,2025-06-21 19:00:00,ORD,BOS,2025-05-21 19:00:00,Business,366,Web,0
F103,2025-06-21 20:00:00,ORD,MIA,2025-05-21 20:00:00,Premium,921,Web,1
F101,2025-06-21 21:00:00,LAX,SEA,2025-05-21 21:00:00,Premium,784,Web,1
F101,2025-06-21 22:00:00,LAX,ATL,2025-05-21 22:00:00,Economy,658,Web,0
F104,2025-06-21 23:00:00,ORD,MIA,2025-05-21 23:00:00,Premium,239,Agent,0
F103,2025-06-22 00:00:00,ORD,MIA,2025-05-22 00:00:00,Premium,345,Web,0
F101,2025-06-22 01:00:00,ORD,SEA,2025-05-22 01:00:00,Premium,760,Web,0
F104,2025-06-22 02:00:00,DFW,ATL,2025-05-22 02:00:00,Economy,857,Agent,0
F103,2025-06-22 03:00:00,LAX,MIA,2025-05-22 03:00:00,Business,494,Web,1
F104,2025-06-22 04:00:00,DFW,BOS,2025-05-22 04:00:00,Premium,586,App,0
F102,2025-06-22 05:00:00,DFW,BOS,2025-05-22 05:00:00,Economy,575,Web,0
F101,2025-06-22 06:00:00,ORD,BOS,2025-05-22 06:00:00,Economy,616,Web,0
F102,2025-06-22 07:00:00,ORD,ATL,2025-05-22 07:00:00,Business,283,App,1
F103,2025-06-22 08:00:00,JFK,MIA,2025-05-22 08:00:00,Premium,119,App,0
F102,2025-06-22 09:00:00,JFK,BOS,2025-05-22 09:00:00,Premium,657,App,0
F102,2025-06-22 10:00:00,DFW,ATL,2025-05-22 10:00:00,Business,623,App,0
F103,2025-06-22 11:00:00,LAX,BOS,2025-05-22 11:00:00,Business,681,Web,0
F104,2025-06-22 12:00:00,ORD,SEA,2025-05-22 12:00:00,Economy,628,App,0
F102,2025-06-22 13:00:00,ORD,MIA,2025-05-22 13:00:00,Economy,982,App,1
F104,2025-06-22 14:00:00,DFW,MIA,2025-05-22 14:00:00,Business,246,Agent,0
F102,2025-06-22 15:00:00,JFK,ATL,2025-05-22 15:00:00,Premium,765,App,0
F104,2025-06-22 16:00:00,LAX,ATL,2025-05-22 16:00:00,Economy,403,App,0
F103,2025-06-22 17:00:00,JFK,MIA,2025-05-22 17:00:00,Economy,719,Agent,0
F102,2025-06-22 18:00:00,JFK,BOS,2025-05-22 18:00:00,Premium,847,Agent,0
F103,2025-06-22 19:00:00,JFK,BOS,2025-05-22 19:00:00,Economy,919,Web,0
F102,2025-06-22 20:00:00,JFK,SEA,2025-05-22 20:00:00,Premium,963,Agent,0
F103,2025-06-22 21:00:00,ORD,BOS,2025-05-22 21:00:00,Premium,681,Web,0
F103,2025-06-22 22:00:00,ORD,ATL,2025-05-22 22:00:00,Premium,794,Agent,0
F102,2025-06-22 23:00:00,JFK,ATL,2025-05-22 23:00:00,Business,861,Agent,0
F102,2025-06-23 00:00:00,LAX,BOS,2025-05-23 00:00:00,Business,327,Web,1
F102,2025-06-23 01:00:00,DFW,ATL,2025-05-23 01:00:00,Business,201,Agent,0
F101,2025-06-23 02:00:00,LAX,MIA,2025-05-23 02:00:00,Premium,686,Web,0
F104,2025-06-23 03:00:00,LAX,MIA,2025-05-23 03:00:00,Premium,516,Agent,0
F101,2025-06-23 04:00:00,LAX,BOS,2025-05-23 04:00:00,Business,315,App,0
F101,2025-06-23 05:00:00,JFK,MIA,2025-05-23 05:00:00,Economy,506,Agent,0
F103,2025-06-23 06:00:00,ORD,MIA,2025-05-23 06:00:00,Premium,498,Web,0
F102,2025-06-23 07:00:00,LAX,SEA,2025-05-23 07:00:00,Economy,814,Agent,0
F104,2025-06-23 08:00:00,JFK,SEA,2025-05-23 08:00:00,Economy,803,Web,0
F103,2025-06-23 09:00:00,LAX,MIA,2025-05-23 09:00:00,Premium,860,Web,0
F101,2025-06-23 10:00:00,LAX,BOS,2025-05-23 10:00:00,Premium,598,App,0
F102,2025-06-23 11:00:00,JFK,SEA,2025-05-23 11:00:00,Economy,853,App,1
F103,2025-06-23 12:00:00,ORD,ATL,2025-05-23 12:00:00,Economy,564,Web,0
F102,2025-06-23 13:00:00,ORD,ATL,2025-05-23 13:00:00,Business,790,Agent,0
F103,2025-06-23 14:00:00,DFW,ATL,2025-05-23 14:00:00,Business,830,Web,1
F102,2025-06-23 15:00:00,JFK,BOS,2025-05-23 15:00:00,Premium,181,Web,1
F101,2025-06-23 16:00:00,DFW,MIA,2025-05-23 16:00:00,Business,703,Agent,0
F104,2025-06-23 17:00:00,DFW,ATL,2025-05-23 17:00:00,Business,786,Agent,0
F101,2025-06-23 18:00:00,DFW,BOS,2025-05-23 18:00:00,Business,850,Agent,0
F104,2025-06-23 19:00:00,ORD,SEA,2025-05-23 19:00:00,Business,871,Agent,0
F102,2025-06-23 20:00:00,JFK,MIA,2025-05-23 20:00:00,Economy,464,Web,0
F103,2025-06-23 21:00:00,DFW,SEA,2025-05-23 21:00:00,Premium,262,Web,0
F101,2025-06-23 22:00:00,JFK,BOS,2025-05-23 22:00:00,Business,147,App,0
F104,2025-06-23 23:00:00,JFK,ATL,2025-05-23 23:00:00,Economy,610,Web,0
F101,2025-06-24 00:00:00,ORD,ATL,2025-05-24 00:00:00,Economy,428,Agent,0
F104,2025-06-24 01:00:00,DFW,BOS,2025-05-24 01:00:00,Economy,939,App,0
F101,2025-06-24 02:00:00,DFW,ATL,2025-05-24 02:00:00,Business,215,Agent,0
F104,2025-06-24 03:00:00,JFK,MIA,2025-05-24 03:00:00,Business,948,Web,0
F104,2025-06-24 04:00:00,LAX,BOS,2025-05-24 04:00:00,Premium,436,App,0
F102,2025-06-24 05:00:00,ORD,SEA,2025-05-24 05:00:00,Business,980,Agent,1
F104,2025-06-24 06:00:00,ORD,BOS,2025-05-24 06:00:00,Business,836,App,0
F102,2025-06-24 07:00:00,ORD,MIA,2025-05-24 07:00:00,Economy,963,App,0
F104,2025-06-24 08:00:00,ORD,MIA,2025-05-24 08:00:00,Premium,939,Web,0
F103,2025-06-24 09:00:00,DFW,BOS,2025-05-24 09:00:00,Business,246,Agent,0
F103,2025-06-24 10:00:00,DFW,BOS,2025-05-24 10:00:00,Business,674,App,1
F103,2025-06-24 11:00:00,LAX,ATL,2025-05-24 11:00:00,Economy,905,App,0
F104,2025-06-24 12:00:00,ORD,MIA,2025-05-24 12:00:00,Economy,422,Agent,0
F102,2025-06-24 13:00:00,ORD,BOS,2025-05-24 13:00:00,Business,542,App,0
F102,2025-06-24 14:00:00,JFK,BOS,2025-05-24 14:00:00,Premium,936,App,0
F104,2025-06-24 15:00:00,DFW,MIA,2025-05-24 15:00:00,Premium,112,App,0
F103,2025-06-24 16:00:00,ORD,BOS,2025-05-24 16:00:00,Economy,593,Agent,0
F103,2025-06-24 17:00:00,LAX,ATL,2025-05-24 17:00:00,Economy,800,Agent,0
F102,2025-06-24 18:00:00,LAX,MIA,2025-05-24 18:00:00,Business,386,Agent,0
F103,2025-06-24 19:00:00,DFW,ATL,2025-05-24 19:00:00,Economy,819,Agent,0
F101,2025-06-24 20:00:00,LAX,ATL,2025-05-24 20:00:00,Business,213,Web,1
F102,2025-06-24 21:00:00,LAX,ATL,2025-05-24 21:00:00,Premium,579,App,0
F103,2025-06-24 22:00:00,DFW,ATL,2025-05-24 22:00:00,Premium,121,Agent,0
F102,2025-06-24 23:00:00,ORD,MIA,2025-05-24 23:00:00,Business,448,App,0
F101,2025-06-25 00:00:00,ORD,ATL,2025-05-25 00:00:00,Economy,825,App,1
F102,2025-06-25 01:00:00,LAX,ATL,2025-05-25 01:00:00,Premium,782,Web,0
F102,2025-06-25 02:00:00,LAX,BOS,2025-05-25 02:00:00,Economy,934,Agent,0
F102,2025-06-25 03:00:00,ORD,MIA,2025-05-25 03:00:00,Premium,665,Agent,0
F102,2025-06-25 04:00:00,DFW,MIA,2025-05-25 04:00:00,Business,909,App,0
F101,2025-06-25 05:00:00,LAX,SEA,2025-05-25 05:00:00,Business,419,Agent,0
F104,2025-06-25 06:00:00,JFK,MIA,2025-05-25 06:00:00,Business,225,App,0
F102,2025-06-25 07:00:00,DFW,MIA,2025-05-25 07:00:00,Premium,376,App,0
F102,2025-06-25 08:00:00,LAX,SEA,2025-05-25 08:00:00,Economy,303,Web,0
F103,2025-06-25 09:00:00,LAX,MIA,2025-05-25 09:00:00,Economy,293,Web,0
F102,2025-06-25 10:00:00,JFK,MIA,2025-05-25 10:00:00,Economy,780,Web,0
F103,2025-06-25 11:00:00,JFK,MIA,2025-05-25 11:00:00,Premium,763,App,0
F104,2025-06-25 12:00:00,ORD,MIA,2025-05-25 12:00:00,Premium,646,Agent,0
F101,2025-06-25 13:00:00,DFW,SEA,2025-05-25 13:00:00,Premium,795,Web,0
F101,2025-06-25 14:00:00,DFW,MIA,2025-05-25 14:00:00,Premium,385,Agent,0
F104,2025-06-25 15:00:00,ORD,MIA,2025-05-25 15:00:00,Premium,156,Web,0
F101,2025-06-25 16:00:00,DFW,SEA,2025-05-25 16:00:00,Economy,833,Web,0
F104,2025-06-25 17:00:00,DFW,BOS,2025-05-25 17:00:00,Premium,402,App,0
F104,2025-06-25 18:00:00,DFW,ATL,2025-05-25 18:00:00,Premium,262,Web,0
F104,2025-06-25 19:00:00,DFW,BOS,2025-05-25 19:00:00,Economy,118,Web,0
F101,2025-06-25 20:00:00,DFW,SEA,2025-05-25 20:00:00,Premium,469,App,0
F103,2025-06-25 21:00:00,JFK,ATL,2025-05-25 21:00:00,Economy,363,Agent,0
F104,2025-06-25 22:00:00,DFW,SEA,2025-05-25 22:00:00,Economy,893,Web,0
F102,2025-06-25 23:00:00,JFK,SEA,2025-05-25 23:00:00,Business,212,App,0
F101,2025-06-26 00:00:00,DFW,MIA,2025-05-26 00:00:00,Business,587,Web,0
F104,2025-06-26 01:00:00,ORD,ATL,2025-05-26 01:00:00,Business,426,App,0
F104,2025-06-26 02:00:00,LAX,MIA,2025-05-26 02:00:00,Business,641,Agent,0
F102,2025-06-26 03:00:00,JFK,ATL,2025-05-26 03:00:00,Premium,746,Agent,1
F103,2025-06-26 04:00:00,DFW,SEA,2025-05-26 04:00:00,Business,678,App,1
F103,2025-06-26 05:00:00,ORD,SEA,2025-05-26 05:00:00,Economy,164,App,0
F103,2025-06-26 06:00:00,LAX,BOS,2025-05-26 06:00:00,Premium,391,App,0
F104,2025-06-26 07:00:00,JFK,ATL,2025-05-26 07:00:00,Business,124,Agent,0
F104,2025-06-26 08:00:00,LAX,MIA,2025-05-26 08:00:00,Economy,648,Web,0
F104,2025-06-26 09:00:00,ORD,BOS,2025-05-26 09:00:00,Premium,100,Agent,0
F101,2025-06-26 10:00:00,JFK,BOS,2025-05-26 10:00:00,Premium,648,App,0
F102,2025-06-26 11:00:00,LAX,BOS,2025-05-26 11:00:00,Business,240,App,0
F104,2025-06-26 12:00:00,DFW,MIA,2025-05-26 12:00:00,Premium,843,Agent,0
F102,2025-06-26 13:00:00,JFK,BOS,2025-05-26 13:00:00,Economy,747,App,0
F102,2025-06-26 14:00:00,LAX,MIA,2025-05-26 14:00:00,Premium,287,Agent,0
F103,2025-06-26 15:00:00,ORD,BOS,2025-05-26 15:00:00,Economy,227,App,0
F101,2025-06-26 16:00:00,ORD,MIA,2025-05-26 16:00:00,Premium,300,Web,0
F104,2025-06-26 17:00:00,JFK,SEA,2025-05-26 17:00:00,Business,226,Web,0
F103,2025-06-26 18:00:00,LAX,SEA,2025-05-26 18:00:00,Economy,356,App,0
F103,2025-06-26 19:00:00,JFK,SEA,2025-05-26 19:00:00,Premium,775,Agent,0
F104,2025-06-26 20:00:00,JFK,SEA,2025-05-26 20:00:00,Premium,646,Web,1
F102,2025-06-26 21:00:00,LAX,SEA,2025-05-26 21:00:00,Premium,293,Agent,0
F103,2025-06-26 22:00:00,LAX,BOS,2025-05-26 22:00:00,Economy,802,App,1
F102,2025-06-26 23:00:00,DFW,BOS,2025-05-26 23:00:00,Economy,203,Agent,1
F101,2025-06-27 00:00:00,LAX,BOS,2025-05-27 00:00:00,Economy,634,Web,0
F102,2025-06-27 01:00:00,ORD,MIA,2025-05-27 01:00:00,Business,364,Agent,0
F101,2025-06-27 02:00:00,JFK,MIA,2025-05-27 02:00:00,Business,901,Agent,0
F102,2025-06-27 03:00:00,JFK,MIA,2025-05-27 03:00:00,Economy,483,App,1
F103,2025-06-27 04:00:00,ORD,MIA,2025-05-27 04:00:00,Premium,359,App,0
F103,2025-06-27 05:00:00,LAX,SEA,2025-05-27 05:00:00,Business,513,App,0
F101,2025-06-27 06:00:00,ORD,SEA,2025-05-27 06:00:00,Economy,457,Web,0
F104,2025-06-27 07:00:00,ORD,SEA,2025-05-27 07:00:00,Premium,174,Web,0
F101,2025-06-27 08:00:00,DFW,ATL,2025-05-27 08:00:00,Business,454,App,0
F101,2025-06-27 09:00:00,ORD,BOS,2025-05-27 09:00:00,Premium,683,App,0
F102,2025-06-27 10:00:00,JFK,MIA,2025-05-27 10:00:00,Premium,870,Web,0
F102,2025-06-27 11:00:00,ORD,MIA,2025-05-27 11:00:00,Premium,287,Web,1
F101,2025-06-27 12:00:00,JFK,SEA,2025-05-27 12:00:00,Premium,784,Web,0
F103,2025-06-27 13:00:00,JFK,MIA,2025-05-27 13:00:00,Business,389,Web,1
F102,2025-06-27 14:00:00,JFK,MIA,2025-05-27 14:00:00,Business,144,App,0
F104,2025-06-27 15:00:00,LAX,BOS,2025-05-27 15:00:00,Business,672,Web,0
F102,2025-06-27 16:00:00,DFW,SEA,2025-05-27 16:00:00,Economy,182,App,0
F102,2025-06-27 17:00:00,JFK,BOS,2025-05-27 17:00:00,Business,222,Agent,0
F104,2025-06-27 18:00:00,JFK,ATL,2025-05-27 18:00:00,Premium,457,Agent,0
F101,2025-06-27 19:00:00,LAX,ATL,2025-05-27 19:00:00,Business,627,Web,0
F104,2025-06-27 20:00:00,JFK,ATL,2025-05-27 20:00:00,Premium,165,Agent,0
F101,2025-06-27 21:00:00,ORD,SEA,2025-05-27 21:00:00,Economy,756,Agent,1
F101,2025-06-27 22:00:00,ORD,MIA,2025-05-27 22:00:00,Premium,474,Agent,1
F101,2025-06-27 23:00:00,DFW,SEA,2025-05-27 23:00:00,Premium,261,Web,0
F104,2025-06-28 00:00:00,JFK,SEA,2025-05-28 00:00:00,Premium,845,Web,0
F101,2025-06-28 01:00:00,LAX,MIA,2025-05-28 01:00:00,Economy,479,Agent,0
F103,2025-06-28 02:00:00,ORD,BOS,2025-05-28 02:00:00,Business,755,App,0
F104,2025-06-28 03:00:00,LAX,ATL,2025-05-28 03:00:00,Business,457,Agent,1
F103,2025-06-28 04:00:00,LAX,BOS,2025-05-28 04:00:00,Economy,287,Web,0
F101,2025-06-28 05:00:00,ORD,ATL,2025-05-28 05:00:00,Premium,421,Web,0
F102,2025-06-28 06:00:00,LAX,SEA,2025-05-28 06:00:00,Business,549,Web,1
F101,2025-06-28 07:00:00,ORD,ATL,2025-05-28 07:00:00,Economy,573,Agent,0
F103,2025-06-28 08:00:00,LAX,SEA,2025-05-28 08:00:00,Business,112,App,0
F103,2025-06-28 09:00:00,ORD,BOS,2025-05-28 09:00:00,Economy,283,Web,0
F104,2025-06-28 10:00:00,JFK,SEA,2025-05-28 10:00:00,Premium,210,Web,0
F102,2025-06-28 11:00:00,DFW,BOS,2025-05-28 11:00:00,Business,607,Agent,0
F104,2025-06-28 12:00:00,ORD,MIA,2025-05-28 12:00:00,Economy,389,App,0
F103,2025-06-28 13:00:00,ORD,MIA,2025-05-28 13:00:00,Business,394,Agent,0
F101,2025-06-28 14:00:00,DFW,MIA,2025-05-28 14:00:00,Business,550,Web,0
F102,2025-06-28 15:00:00,ORD,SEA,2025-05-28 15:00:00,Business,314,App,0
F101,2025-06-28 16:00:00,ORD,MIA,2025-05-28 16:00:00,Business,731,App,0
F101,2025-06-28 17:00:00,LAX,ATL,2025-05-28 17:00:00,Economy,993,Web,0
F102,2025-06-28 18:00:00,DFW,BOS,2025-05-28 18:00:00,Premium,666,App,0
F104,2025-06-28 19:00:00,JFK,BOS,2025-05-28 19:00:00,Economy,126,App,0
F101,2025-06-28 20:00:00,ORD,ATL,2025-05-28 20:00:00,Economy,729,Agent,0
F103,2025-06-28 21:00:00,DFW,SEA,2025-05-28 21:00:00,Economy,832,Web,0
F101,2025-06-28 22:00:00,LAX,SEA,2025-05-28 22:00:00,Premium,330,Web,0
F102,2025-06-28 23:00:00,JFK,BOS,2025-05-28 23:00:00,Business,664,Web,0
F102,2025-06-29 00:00:00,DFW,MIA,2025-05-29 00:00:00,Business,906,Web,0
F102,2025-06-29 01:00:00,JFK,SEA,2025-05-29 01:00:00,Business,420,Web,0
F104,2025-06-29 02:00:00,JFK,SEA,2025-05-29 02:00:00,Premium,332,App,0
F101,2025-06-29 03:00:00,JFK,ATL,2025-05-29 03:00:00,Business,769,Agent,0
F104,2025-06-29 04:00:00,ORD,ATL,2025-05-29 04:00:00,Premium,536,Web,0
F104,2025-06-29 05:00:00,ORD,MIA,2025-05-29 05:00:00,Business,880,Agent,0
F102,2025-06-29 06:00:00,LAX,SEA,2025-05-29 06:00:00,Business,632,Agent,0
F102,2025-06-29 07:00:00,LAX,SEA,2025-05-29 07:00:00,Economy,502,App,0
F104,2025-06-29 08:00:00,DFW,ATL,2025-05-29 08:00:00,Premium,152,Web,1
F101,2025-06-29 09:00:00,LAX,SEA,2025-05-29 09:00:00,Economy,886,App,0
F103,2025-06-29 10:00:00,JFK,BOS,2025-05-29 10:00:00,Economy,412,Web,0
F104,2025-06-29 11:00:00,JFK,ATL,2025-05-29 11:00:00,Economy,380,App,0
F101,2025-06-29 12:00:00,ORD,MIA,2025-05-29 12:00:00,Premium,825,Agent,0
F102,2025-06-29 13:00:00,JFK,ATL,2025-05-29 13:00:00,Premium,130,Web,0
F102,2025-06-29 14:00:00,DFW,SEA,2025-05-29 14:00:00,Business,436,Agent,0
F101,2025-06-29 15:00:00,JFK,MIA,2025-05-29 15:00:00,Economy,282,Agent,0
F103,2025-06-29 16:00:00,JFK,ATL,2025-05-29 16:00:00,Business,122,App,0
F102,2025-06-29 17:00:00,DFW,BOS,2025-05-29 17:00:00,Economy,643,Web,0
F102,2025-06-29 18:00:00,LAX,BOS,2025-05-29 18:00:00,Premium,545,Agent,0
F102,2025-06-29 19:00:00,LAX,ATL,2025-05-29 19:00:00,Premium,173,App,0
F101,2025-06-29 20:00:00,DFW,BOS,2025-05-29 20:00:00,Premium,109,Web,0
F104,2025-06-29 21:00:00,ORD,BOS,2025-05-29 21:00:00,Economy,583,Web,1
F102,2025-06-29 22:00:00,JFK,BOS,2025-05-29 22:00:00,Premium,555,Agent,0
F104,2025-06-29 23:00:00,DFW,MIA,2025-05-29 23:00:00,Economy,665,Web,1
F103,2025-06-30 00:00:00,JFK,BOS,2025-05-30 00:00:00,Business,663,Agent,0
F102,2025-06-30 01:00:00,ORD,BOS,2025-05-30 01:00:00,Economy,759,Web,0
F102,2025-06-30 02:00:00,JFK,BOS,2025-05-30 02:00:00,Business,259,App,0
F103,2025-06-30 03:00:00,DFW,MIA,2025-05-30 03:00:00,Economy,981,Agent,0
F102,2025-06-30 04:00:00,JFK,ATL,2025-05-30 04:00:00,Business,113,Agent,0
F104,2025-06-30 05:00:00,LAX,SEA,2025-05-30 05:00:00,Premium,277,Web,0
F101,2025-06-30 06:00:00,ORD,BOS,2025-05-30 06:00:00,Business,511,Web,0
F104,2025-06-30 07:00:00,ORD,ATL,2025-05-30 07:00:00,Premium,977,Agent,1
F101,2025-06-30 08:00:00,ORD,BOS,2025-05-30 08:00:00,Premium,152,Web,0
F101,2025-06-30 09:00:00,DFW,MIA,2025-05-30 09:00:00,Business,507,App,0
F104,2025-06-30 10:00:00,ORD,ATL,2025-05-30 10:00:00,Economy,946,Web,0
F104,2025-06-30 11:00:00,LAX,MIA,2025-05-30 11:00:00,Economy,121,App,0
F104,2025-06-30 12:00:00,DFW,BOS,2025-05-30 12:00:00,Economy,129,App,0
F104,2025-06-30 13:00:00,LAX,BOS,2025-05-30 13:00:00,Economy,802,App,0
F103,2025-06-30 14:00:00,JFK,MIA,2025-05-30 14:00:00,Economy,359,App,1
F102,2025-06-30 15:00:00,JFK,SEA,2025-05-30 15:00:00,Premium,304,App,0
F101,2025-06-30 16:00:00,JFK,MIA,2025-05-30 16:00:00,Economy,158,Web,0
F104,2025-06-30 17:00:00,JFK,BOS,2025-05-30 17:00:00,Premium,570,App,0
F104,2025-06-30 18:00:00,LAX,MIA,2025-05-30 18:00:00,Premium,875,Web,1
F104,2025-06-30 19:00:00,DFW,SEA,2025-05-30 19:00:00,Premium,565,App,0
F103,2025-06-30 20:00:00,DFW,MIA,2025-05-30 20:00:00,Business,111,Agent,0
F104,2025-06-30 21:00:00,ORD,SEA,2025-05-30 21:00:00,Business,730,App,0
F104,2025-06-30 22:00:00,LAX,SEA,2025-05-30 22:00:00,Premium,389,Agent,0
F104,2025-06-30 23:00:00,JFK,MIA,2025-05-30 23:00:00,Business,949,App,0
F102,2025-07-01 00:00:00,LAX,MIA,2025-05-31 00:00:00,Economy,859,App,0
F103,2025-07-01 01:00:00,ORD,ATL,2025-05-31 01:00:00,Economy,453,App,0
F104,2025-07-01 02:00:00,ORD,BOS,2025-05-31 02:00:00,Premium,738,Agent,0
F101,2025-07-01 03:00:00,LAX,SEA,2025-05-31 03:00:00,Economy,174,Agent,0
F101,2025-07-01 04:00:00,LAX,ATL,2025-05-31 04:00:00,Premium,972,App,0
F101,2025-07-01 05:00:00,LAX,MIA,2025-05-31 05:00:00,Premium,815,Web,0
F103,2025-07-01 06:00:00,DFW,BOS,2025-05-31 06:00:00,Economy,660,App,0
F103,2025-07-01 07:00:00,JFK,ATL,2025-05-31 07:00:00,Business,690,Agent,0
F101,2025-07-01 08:00:00,LAX,SEA,2025-05-31 08:00:00,Economy,540,App,0
F104,2025-07-01 09:00:00,LAX,ATL,2025-05-31 09:00:00,Economy,340,Agent,0
F103,2025-07-01 10:00:00,LAX,SEA,2025-05-31 10:00:00,Premium,960,Agent,0
F101,2025-07-01 11:00:00,ORD,MIA,2025-05-31 11:00:00,Premium,253,Agent,1
F101,2025-07-01 12:00:00,ORD,BOS,2025-05-31 12:00:00,Premium,885,App,0
F104,2025-07-01 13:00:00,DFW,BOS,2025-05-31 13:00:00,Premium,195,Agent,0
F102,2025-07-01 14:00:00,JFK,BOS,2025-05-31 14:00:00,Business,825,Agent,0
F103,2025-07-01 15:00:00,DFW,MIA,2025-05-31 15:00:00,Business,393,App,0
F104,2025-07-01 16:00:00,JFK,SEA,2025-05-31 16:00:00,Business,308,Agent,0
F101,2025-07-01 17:00:00,ORD,MIA,2025-05-31 17:00:00,Premium,442,App,0
F101,2025-07-01 18:00:00,ORD,BOS,2025-05-31 18:00:00,Premium,187,Agent,0
F104,2025-07-01 19:00:00,ORD,MIA,2025-05-31 19:00:00,Premium,917,Web,0
F103,2025-07-01 20:00:00,DFW,MIA,2025-05-31 20:00:00,Business,875,Web,0
F102,2025-07-01 21:00:00,LAX,MIA,2025-05-31 21:00:00,Premium,489,Agent,0
F102,2025-07-01 22:00:00,LAX,SEA,2025-05-31 22:00:00,Economy,424,Web,0
F101,2025-07-01 23:00:00,ORD,ATL,2025-05-31 23:00:00,Economy,988,App,0
F103,2025-07-02 00:00:00,LAX,ATL,2025-06-01 00:00:00,Premium,931,Web,1
F102,2025-07-02 01:00:00,LAX,MIA,2025-06-01 01:00:00,Economy,256,Agent,1
F103,2025-07-02 02:00:00,DFW,ATL,2025-06-01 02:00:00,Economy,767,Agent,0
F103,2025-07-02 03:00:00,JFK,ATL,2025-06-01 03:00:00,Business,750,App,0
F101,2025-07-02 04:00:00,ORD,MIA,2025-06-01 04:00:00,Premium,732,Agent,0
F102,2025-07-02 05:00:00,ORD,MIA,2025-06-01 05:00:00,Premium,676,App,0
F104,2025-07-02 06:00:00,DFW,BOS,2025-06-01 06:00:00,Business,718,Web,0
F101,2025-07-02 07:00:00,DFW,ATL,2025-06-01 07:00:00,Economy,758,Web,0
F102,2025-07-02 08:00:00,LAX,SEA,2025-06-01 08:00:00,Economy,236,App,0
F102,2025-07-02 09:00:00,ORD,MIA,2025-06-01 09:00:00,Premium,773,App,0
F102,2025-07-02 10:00:00,JFK,BOS,2025-06-01 10:00:00,Economy,527,Agent,0
F102,2025-07-02 11:00:00,DFW,SEA,2025-06-01 11:00:00,Business,551,Web,0
F102,2025-07-02 12:00:00,JFK,ATL,2025-06-01 12:00:00,Business,711,App,0
F103,2025-07-02 13:00:00,JFK,BOS,2025-06-01 13:00:00,Premium,949,Web,0
F101,2025-07-02 14:00:00,ORD,MIA,2025-06-01 14:00:00,Business,918,App,1
F103,2025-07-02 15:00:00,ORD,SEA,2025-06-01 15:00:00,Business,240,Web,0
F104,2025-07-02 16:00:00,DFW,MIA,2025-06-01 16:00:00,Premium,182,Agent,0
F102,2025-07-02 17:00:00,ORD,ATL,2025-06-01 17:00:00,Business,276,Web,1
F101,2025-07-02 18:00:00,ORD,SEA,2025-06-01 18:00:00,Business,297,Web,1
F102,2025-07-02 19:00:00,ORD,ATL,2025-06-01 19:00:00,Business,723,Web,0
F101,2025-07-02 20:00:00,JFK,ATL,2025-06-01 20:00:00,Economy,667,Web,0
F103,2025-07-02 21:00:00,DFW,BOS,2025-06-01 21:00:00,Premium,790,Web,0
F101,2025-07-02 22:00:00,LAX,MIA,2025-06-01 22:00:00,Premium,520,Agent,0
F104,2025-07-02 23:00:00,JFK,SEA,2025-06-01 23:00:00,Premium,500,App,0
F104,2025-07-03 00:00:00,ORD,ATL,2025-06-02 00:00:00,Economy,797,Web,0
F101,2025-07-03 01:00:00,JFK,ATL,2025-06-02 01:00:00,Economy,570,Agent,0
F101,2025-07-03 02:00:00,ORD,SEA,2025-06-02 02:00:00,Premium,317,Web,0
F101,2025-07-03 03:00:00,ORD,ATL,2025-06-02 03:00:00,Economy,927,Web,0
F101,2025-07-03 04:00:00,JFK,BOS,2025-06-02 04:00:00,Premium,828,App,0
F104,2025-07-03 05:00:00,DFW,BOS,2025-06-02 05:00:00,Economy,731,Web,0
F102,2025-07-03 06:00:00,ORD,BOS,2025-06-02 06:00:00,Business,274,Agent,0
F101,2025-07-03 07:00:00,DFW,BOS,2025-06-02 07:00:00,Business,122,Agent,0
F101,2025-07-03 08:00:00,LAX,ATL,2025-06-02 08:00:00,Premium,824,App,0
F104,2025-07-03 09:00:00,ORD,SEA,2025-06-02 09:00:00,Economy,334,Web,0
F104,2025-07-03 10:00:00,DFW,SEA,2025-06-02 10:00:00,Economy,112,Agent,1
F103,2025-07-03 11:00:00,DFW,SEA,2025-06-02 11:00:00,Business,200,Web,0
F101,2025-07-03 12:00:00,LAX,SEA,2025-06-02 12:00:00,Business,635,Web,0
F103,2025-07-03 13:00:00,DFW,MIA,2025-06-02 13:00:00,Economy,975,Web,0
F104,2025-07-03 14:00:00,DFW,SEA,2025-06-02 14:00:00,Economy,622,App,0
F104,2025-07-03 15:00:00,LAX,MIA,2025-06-02 15:00:00,Economy,884,Web,0
F102,2025-07-03 16:00:00,ORD,MIA,2025-06-02 16:00:00,Economy,551,Agent,0
F101,2025-07-03 17:00:00,DFW,BOS,2025-06-02 17:00:00,Economy,530,Web,0
F103,2025-07-03 18:00:00,DFW,MIA,2025-06-02 18:00:00,Economy,892,Agent,0
F104,2025-07-03 19:00:00,DFW,ATL,2025-06-02 19:00:00,Premium,705,Web,0
F104,2025-07-03 20:00:00,JFK,MIA,2025-06-02 20:00:00,Economy,812,Agent,0
F103,2025-07-03 21:00:00,LAX,BOS,2025-06-02 21:00:00,Business,632,Agent,0
F102,2025-07-03 22:00:00,JFK,MIA,2025-06-02 22:00:00,Premium,951,Web,1
F104,2025-07-03 23:00:00,LAX,ATL,2025-06-02 23:00:00,Economy,822,Web,0
F101,2025-07-04 00:00:00,ORD,ATL,2025-06-03 00:00:00,Business,751,Agent,0
F104,2025-07-04 01:00:00,ORD,ATL,2025-06-03 01:00:00,Premium,392,App,0
F101,2025-07-04 02:00:00,DFW,BOS,2025-06-03 02:00:00,Business,909,Web,0
F103,2025-07-04 03:00:00,LAX,BOS,2025-06-03 03:00:00,Economy,200,App,0
F101,2025-07-04 04:00:00,ORD,SEA,2025-06-03 04:00:00,Economy,601,Web,0
F103,2025-07-04 05:00:00,LAX,BOS,2025-06-03 05:00:00,Economy,403,Web,0
F101,2025-07-04 06:00:00,ORD,ATL,2025-06-03 06:00:00,Economy,970,Web,0
F103,2025-07-04 07:00:00,JFK,ATL,2025-06-03 07:00:00,Premium,639,Web,0
F101,2025-07-04 08:00:00,ORD,BOS,2025-06-03 08:00:00,Premium,652,App,0
F102,2025-07-04 09:00:00,JFK,MIA,2025-06-03 09:00:00,Business,454,Web,0
F101,2025-07-04 10:00:00,ORD,BOS,2025-06-03 10:00:00,Economy,402,Agent,0
F101,2025-07-04 11:00:00,DFW,BOS,2025-06-03 11:00:00,Business,595,Agent,0
F102,2025-07-04 12:00:00,JFK,ATL,2025-06-03 12:00:00,Premium,757,App,0
F104,2025-07-04 13:00:00,ORD,SEA,2025-06-03 13:00:00,Economy,867,Web,0
F104,2025-07-04 14:00:00,DFW,ATL,2025-06-03 14:00:00,Economy,326,Agent,0
F101,2025-07-04 15:00:00,JFK,SEA,2025-06-03 15:00:00,Premium,335,App,0
F102,2025-07-04 16:00:00,DFW,ATL,2025-06-03 16:00:00,Premium,972,Web,0
F101,2025-07-04 17:00:00,LAX,BOS,2025-06-03 17:00:00,Premium,991,Agent,1
F103,2025-07-04 18:00:00,LAX,ATL,2025-06-03 18:00:00,Premium,554,Agent,0
F103,2025-07-04 19:00:00,JFK,ATL,2025-06-03 19:00:00,Premium,112,App,0
F101,2025-07-04 20:00:00,ORD,ATL,2025-06-03 20:00:00,Economy,309,Web,0
F104,2025-07-04 21:00:00,JFK,BOS,2025-06-03 21:00:00,Premium,840,Web,0
F104,2025-07-04 22:00:00,DFW,BOS,2025-06-03 22:00:00,Economy,496,Agent,0
F101,2025-07-04 23:00:00,ORD,BOS,2025-06-03 23:00:00,Economy,199,Agent,0
F101,2025-07-05 00:00:00,LAX,BOS,2025-06-04 00:00:00,Premium,130,Agent,0
F103,2025-07-05 01:00:00,ORD,SEA,2025-06-04 01:00:00,Premium,997,Web,0
F104,2025-07-05 02:00:00,LAX,SEA,2025-06-04 02:00:00,Economy,627,App,0
F101,2025-07-05 03:00:00,ORD,MIA,2025-06-04 03:00:00,Premium,748,App,0
F103,2025-07-05 04:00:00,ORD,BOS,2025-06-04 04:00:00,Premium,428,Web,1
F104,2025-07-05 05:00:00,ORD,SEA,2025-06-04 05:00:00,Premium,265,App,0
F102,2025-07-05 06:00:00,DFW,ATL,2025-06-04 06:00:00,Business,558,Agent,0
F103,2025-07-05 07:00:00,DFW,BOS,2025-06-04 07:00:00,Economy,921,App,0
F104,2025-07-05 08:00:00,JFK,MIA,2025-06-04 08:00:00,Business,199,App,0
F104,2025-07-05 09:00:00,JFK,MIA,2025-06-04 09:00:00,Premium,720,App,0
F103,2025-07-05 10:00:00,LAX,MIA,2025-06-04 10:00:00,Business,954,Agent,0
F102,2025-07-05 11:00:00,DFW,ATL,2025-06-04 11:00:00,Premium,272,Web,0
F103,2025-07-05 12:00:00,LAX,SEA,2025-06-04 12:00:00,Business,848,Agent,0
F104,2025-07-05 13:00:00,JFK,ATL,2025-06-04 13:00:00,Premium,261,Web,0
F101,2025-07-05 14:00:00,LAX,BOS,2025-06-04 14:00:00,Business,827,Web,0
F101,2025-07-05 15:00:00,JFK,MIA,2025-06-04 15:00:00,Business,875,Web,0
F103,2025-07-05 16:00:00,DFW,ATL,2025-06-04 16:00:00,Business,362,App,1
F104,2025-07-05 17:00:00,ORD,ATL,2025-06-04 17:00:00,Economy,903,App,0
F101,2025-07-05 18:00:00,DFW,SEA,2025-06-04 18:00:00,Business,373,Web,0
F104,2025-07-05 19:00:00,LAX,SEA,2025-06-04 19:00:00,Economy,102,Web,0
F103,2025-07-05 20:00:00,LAX,MIA,2025-06-04 20:00:00,Premium,127,App,1
F101,2025-07-05 21:00:00,DFW,ATL,2025-06-04 21:00:00,Business,425,Agent,0
F104,2025-07-05 22:00:00,DFW,ATL,2025-06-04 22:00:00,Premium,248,Web,0
F101,2025-07-05 23:00:00,JFK,SEA,2025-06-04 23:00:00,Premium,639,Agent,0
F103,2025-07-06 00:00:00,LAX,ATL,2025-06-05 00:00:00,Business,587,App,0
F104,2025-07-06 01:00:00,LAX,ATL,2025-06-05 01:00:00,Economy,921,Web,0
F101,2025-07-06 02:00:00,DFW,ATL,2025-06-05 02:00:00,Business,537,Agent,0
F103,2025-07-06 03:00:00,ORD,SEA,2025-06-05 03:00:00,Premium,164,Agent,1
F101,2025-07-06 04:00:00,LAX,MIA,2025-06-05 04:00:00,Premium,455,Agent,0
F101,2025-07-06 05:00:00,ORD,BOS,2025-06-05 05:00:00,Business,632,App,0
F102,2025-07-06 06:00:00,DFW,MIA,2025-06-05 06:00:00,Economy,351,App,0
F102,2025-07-06 07:00:00,DFW,BOS,2025-06-05 07:00:00,Economy,334,Agent,0
F103,2025-07-06 08:00:00,JFK,ATL,2025-06-05 08:00:00,Premium,326,Agent,1
F102,2025-07-06 09:00:00,LAX,MIA,2025-06-05 09:00:00,Premium,624,App,0
F103,2025-07-06 10:00:00,ORD,BOS,2025-06-05 10:00:00,Economy,412,Agent,0
F102,2025-07-06 11:00:00,JFK,SEA,2025-06-05 11:00:00,Business,148,Agent,0
F101,2025-07-06 12:00:00,LAX,SEA,2025-06-05 12:00:00,Premium,217,App,0
F103,2025-07-06 13:00:00,JFK,MIA,2025-06-05 13:00:00,Economy,153,Agent,0
F103,2025-07-06 14:00:00,DFW,MIA,2025-06-05 14:00:00,Premium,749,Agent,0
F101,2025-07-06 15:00:00,LAX,ATL,2025-06-05 15:00:00,Business,664,Agent,0
F103,2025-07-06 16:00:00,JFK,MIA,2025-06-05 16:00:00,Economy,143,App,1
F103,2025-07-06 17:00:00,JFK,ATL,2025-06-05 17:00:00,Premium,914,Agent,0
F102,2025-07-06 18:00:00,ORD,ATL,2025-06-05 18:00:00,Business,152,App,1
F103,2025-07-06 19:00:00,JFK,SEA,2025-06-05 19:00:00,Premium,685,App,0
F104,2025-07-06 20:00:00,LAX,SEA,2025-06-05 20:00:00,Business,657,Web,0
F101,2025-07-06 21:00:00,LAX,BOS,2025-06-05 21:00:00,Business,624,Web,0
F102,2025-07-06 22:00:00,ORD,SEA,2025-06-05 22:00:00,Economy,776,Agent,0
F102,2025-07-06 23:00:00,LAX,SEA,2025-06-05 23:00:00,Business,201,App,0
F104,2025-07-07 00:00:00,DFW,MIA,2025-06-06 00:00:00,Premium,891,Web,0
F101,2025-07-07 01:00:00,LAX,SEA,2025-06-06 01:00:00,Business,869,Agent,0
F101,2025-07-07 02:00:00,LAX,BOS,2025-06-06 02:00:00,Business,948,Web,0
F102,2025-07-07 03:00:00,JFK,MIA,2025-06-06 03:00:00,Economy,967,Web,0
F103,2025-07-07 04:00:00,JFK,BOS,2025-06-06 04:00:00,Business,497,App,0
F102,2025-07-07 05:00:00,LAX,SEA,2025-06-06 05:00:00,Business,237,App,0
F101,2025-07-07 06:00:00,ORD,BOS,2025-06-06 06:00:00,Premium,774,Web,0
F104,2025-07-07 07:00:00,JFK,MIA,2025-06-06 07:00:00,Economy,486,Web,0
F102,2025-07-07 08:00:00,ORD,ATL,2025-06-06 08:00:00,Economy,210,App,0
F101,2025-07-07 09:00:00,LAX,BOS,2025-06-06 09:00:00,Economy,713,Agent,1
F102,2025-07-07 10:00:00,LAX,BOS,2025-06-06 10:00:00,Business,116,App,0
F103,2025-07-07 11:00:00,DFW,MIA,2025-06-06 11:00:00,Economy,879,Web,0
F102,2025-07-07 12:00:00,JFK,MIA,2025-06-06 12:00:00,Business,281,Agent,0
F102,2025-07-07 13:00:00,LAX,BOS,2025-06-06 13:00:00,Business,983,Web,0
F101,2025-07-07 14:00:00,DFW,SEA,2025-06-06 14:00:00,Premium,635,Agent,0
F101,2025-07-07 15:00:00,JFK,BOS,2025-06-06 15:00:00,Premium,640,Web,0
F101,2025-07-07 16:00:00,LAX,MIA,2025-06-06 16:00:00,Premium,270,Agent,1
F102,2025-07-07 17:00:00,LAX,ATL,2025-06-06 17:00:00,Premium,508,Agent,0
F103,2025-07-07 18:00:00,JFK,ATL,2025-06-06 18:00:00,Premium,839,Web,0
F104,2025-07-07 19:00:00,JFK,SEA,2025-06-06 19:00:00,Business,477,Agent,0
F104,2025-07-07 20:00:00,JFK,BOS,2025-06-06 20:00:00,Business,287,App,0
F101,2025-07-07 21:00:00,LAX,ATL,2025-06-06 21:00:00,Economy,957,Web,0
F101,2025-07-07 22:00:00,LAX,BOS,2025-06-06 22:00:00,Business,329,App,0
F102,2025-07-07 23:00:00,DFW,MIA,2025-06-06 23:00:00,Business,932,Web,0
F104,2025-07-08 00:00:00,ORD,ATL,2025-06-07 00:00:00,Premium,951,Agent,1
F101,2025-07-08 01:00:00,JFK,SEA,2025-06-07 01:00:00,Business,218,Agent,0
F103,2025-07-08 02:00:00,LAX,MIA,2025-06-07 02:00:00,Premium,255,Agent,0
F103,2025-07-08 03:00:00,LAX,SEA,2025-06-07 03:00:00,Economy,883,Web,0
F101,2025-07-08 04:00:00,JFK,MIA,2025-06-07 04:00:00,Economy,786,App,0
F101,2025-07-08 05:00:00,ORD,ATL,2025-06-07 05:00:00,Business,564,App,0
F104,2025-07-08 06:00:00,JFK,SEA,2025-06-07 06:00:00,Economy,203,Web,0
F104,2025-07-08 07:00:00,ORD,SEA,2025-06-07 07:00:00,Business,703,Web,0
F102,2025-07-08 08:00:00,LAX,MIA,2025-06-07 08:00:00,Economy,797,App,0
F104,2025-07-08 09:00:00,ORD,SEA,2025-06-07 09:00:00,Premium,894,App,0
F103,2025-07-08 10:00:00,DFW,MIA,2025-06-07 10:00:00,Premium,601,App,1
F103,2025-07-08 11:00:00,LAX,MIA,2025-06-07 11:00:00,Premium,792,App,0
F101,2025-07-08 12:00:00,DFW,MIA,2025-06-07 12:00:00,Premium,781,Web,1
F104,2025-07-08 13:00:00,JFK,MIA,2025-06-07 13:00:00,Business,798,Web,1
F102,2025-07-08 14:00:00,JFK,ATL,2025-06-07 14:00:00,Economy,274,Agent,0
F103,2025-07-08 15:00:00,JFK,MIA,2025-06-07 15:00:00,Business,833,App,0
F103,2025-07-08 16:00:00,ORD,BOS,2025-06-07 16:00:00,Premium,844,Agent,0
F102,2025-07-08 17:00:00,LAX,SEA,2025-06-07 17:00:00,Business,773,Web,0
F102,2025-07-08 18:00:00,JFK,BOS,2025-06-07 18:00:00,Economy,520,Web,0
F103,2025-07-08 19:00:00,JFK,ATL,2025-06-07 19:00:00,Business,233,Agent,0
F103,2025-07-08 20:00:00,LAX,BOS,2025-06-07 20:00:00,Economy,490,App,1
F102,2025-07-08 21:00:00,JFK,SEA,2025-06-07 21:00:00,Business,835,App,0
F103,2025-07-08 22:00:00,DFW,BOS,2025-06-07 22:00:00,Economy,600,App,0
F101,2025-07-08 23:00:00,LAX,ATL,2025-06-07 23:00:00,Economy,764,App,0
F101,2025-07-09 00:00:00,LAX,MIA,2025-06-08 00:00:00,Premium,132,Agent,1
F102,2025-07-09 01:00:00,LAX,BOS,2025-06-08 01:00:00,Economy,154,Agent,0
F104,2025-07-09 02:00:00,DFW,ATL,2025-06-08 02:00:00,Premium,618,Web,1
F102,2025-07-09 03:00:00,LAX,ATL,2025-06-08 03:00:00,Premium,855,App,0
F102,2025-07-09 04:00:00,DFW,SEA,2025-06-08 04:00:00,Premium,924,App,0
F104,2025-07-09 05:00:00,LAX,SEA,2025-06-08 05:00:00,Business,737,App,0
F104,2025-07-09 06:00:00,ORD,BOS,2025-06-08 06:00:00,Business,111,Agent,0
F104,2025-07-09 07:00:00,JFK,MIA,2025-06-08 07:00:00,Business,627,App,0
F101,2025-07-09 08:00:00,ORD,ATL,2025-06-08 08:00:00,Business,819,Agent,0
F103,2025-07-09 09:00:00,JFK,BOS,2025-06-08 09:00:00,Economy,654,App,0
F101,2025-07-09 10:00:00,DFW,ATL,2025-06-08 10:00:00,Economy,472,App,0
F103,2025-07-09 11:00:00,ORD,ATL,2025-06-08 11:00:00,Business,583,Web,0
F101,2025-07-09 12:00:00,LAX,MIA,2025-06-08 12:00:00,Economy,746,App,1
F103,2025-07-09 13:00:00,JFK,MIA,2025-06-08 13:00:00,Economy,327,App,0
F101,2025-07-09 14:00:00,JFK,BOS,2025-06-08 14:00:00,Premium,722,Web,0
F104,2025-07-09 15:00:00,ORD,MIA,2025-06-08 15:00:00,Premium,406,Agent,0
F102,2025-07-09 16:00:00,DFW,MIA,2025-06-08 16:00:00,Premium,556,Agent,0
F101,2025-07-09 17:00:00,ORD,BOS,2025-06-08 17:00:00,Premium,259,App,0
F103,2025-07-09 18:00:00,DFW,MIA,2025-06-08 18:00:00,Economy,430,Agent,0
F104,2025-07-09 19:00:00,DFW,SEA,2025-06-08 19:00:00,Business,875,App,0
F101,2025-07-09 20:00:00,JFK,ATL,2025-06-08 20:00:00,Economy,324,Web,0
F101,2025-07-09 21:00:00,ORD,ATL,2025-06-08 21:00:00,Economy,828,Web,0
F104,2025-07-09 22:00:00,ORD,ATL,2025-06-08 22:00:00,Economy,603,App,0
F101,2025-07-09 23:00:00,DFW,ATL,2025-06-08 23:00:00,Premium,555,Web,0
F102,2025-07-10 00:00:00,ORD,BOS,2025-06-09 00:00:00,Premium,144,Web,0
F101,2025-07-10 01:00:00,LAX,ATL,2025-06-09 01:00:00,Premium,313,App,0
F102,2025-07-10 02:00:00,LAX,ATL,2025-06-09 02:00:00,Business,158,App,0
F102,2025-07-10 03:00:00,ORD,ATL,2025-06-09 03:00:00,Economy,743,Web,0
F104,2025-07-10 04:00:00,ORD,ATL,2025-06-09 04:00:00,Business,715,Agent,1
F101,2025-07-10 05:00:00,DFW,SEA,2025-06-09 05:00:00,Premium,294,Agent,0
F104,2025-07-10 06:00:00,LAX,ATL,2025-06-09 06:00:00,Business,588,App,0
F101,2025-07-10 07:00:00,LAX,SEA,2025-06-09 07:00:00,Economy,256,App,0
F101,2025-07-10 08:00:00,JFK,BOS,2025-06-09 08:00:00,Economy,709,Agent,0
F103,2025-07-10 09:00:00,DFW,MIA,2025-06-09 09:00:00,Premium,325,Web,0
F101,2025-07-10 10:00:00,JFK,ATL,2025-06-09 10:00:00,Premium,511,Agent,0
F104,2025-07-10 11:00:00,LAX,MIA,2025-06-09 11:00:00,Business,304,Agent,0
F102,2025-07-10 12:00:00,DFW,MIA,2025-06-09 12:00:00,Premium,178,Agent,0
F101,2025-07-10 13:00:00,ORD,BOS,2025-06-09 13:00:00,Premium,223,Agent,0
F103,2025-07-10 14:00:00,DFW,MIA,2025-06-09 14:00:00,Economy,570,App,0
F104,2025-07-10 15:00:00,ORD,SEA,2025-06-09 15:00:00,Premium,317,App,0
F101,2025-07-10 16:00:00,ORD,MIA,2025-06-09 16:00:00,Premium,615,Web,0
F104,2025-07-10 17:00:00,DFW,MIA,2025-06-09 17:00:00,Economy,701,Web,0
F103,2025-07-10 18:00:00,ORD,MIA,2025-06-09 18:00:00,Economy,203,Web,0
F103,2025-07-10 19:00:00,JFK,ATL,2025-06-09 19:00:00,Business,492,Web,0
F104,2025-07-10 20:00:00,LAX,ATL,2025-06-09 20:00:00,Premium,730,Agent,0
F101,2025-07-10 21:00:00,ORD,SEA,2025-06-09 21:00:00,Economy,744,App,0
F102,2025-07-10 22:00:00,JFK,SEA,2025-06-09 22:00:00,Business,923,App,0
F103,2025-07-10 23:00:00,ORD,ATL,2025-06-09 23:00:00,Business,707,Web,0
F101,2025-07-11 00:00:00,LAX,SEA,2025-06-10 00:00:00,Premium,533,Web,0
F101,2025-07-11 01:00:00,JFK,ATL,2025-06-10 01:00:00,Premium,430,Agent,0
F102,2025-07-11 02:00:00,LAX,BOS,2025-06-10 02:00:00,Business,242,Agent,0
F103,2025-07-11 03:00:00,LAX,MIA,2025-06-10 03:00:00,Economy,899,Web,0
F103,2025-07-11 04:00:00,JFK,MIA,2025-06-10 04:00:00,Business,639,App,0
F101,2025-07-11 05:00:00,JFK,SEA,2025-06-10 05:00:00,Premium,377,App,0
F101,2025-07-11 06:00:00,JFK,ATL,2025-06-10 06:00:00,Economy,332,App,0
F102,2025-07-11 07:00:00,DFW,ATL,2025-06-10 07:00:00,Economy,628,Web,0
F102,2025-07-11 08:00:00,JFK,SEA,2025-06-10 08:00:00,Business,670,App,0
F103,2025-07-11 09:00:00,JFK,ATL,2025-06-10 09:00:00,Premium,189,Agent,0
F104,2025-07-11 10:00:00,JFK,BOS,2025-06-10 10:00:00,Business,591,Agent,0
F103,2025-07-11 11:00:00,JFK,MIA,2025-06-10 11:00:00,Business,298,Web,1
F101,2025-07-11 12:00:00,ORD,SEA,2025-06-10 12:00:00,Business,461,Agent,0
F103,2025-07-11 13:00:00,DFW,SEA,2025-06-10 13:00:00,Economy,540,Web,1
F104,2025-07-11 14:00:00,LAX,ATL,2025-06-10 14:00:00,Economy,125,App,0
F102,2025-07-11 15:00:00,JFK,SEA,2025-06-10 15:00:00,Premium,124,App,0
F104,2025-07-11 16:00:00,ORD,BOS,2025-06-10 16:00:00,Premium,493,App,0
F104,2025-07-11 17:00:00,ORD,ATL,2025-06-10 17:00:00,Business,606,Agent,0
F104,2025-07-11 18:00:00,ORD,ATL,2025-06-10 18:00:00,Business,400,Web,0
F102,2025-07-11 19:00:00,LAX,ATL,2025-06-10 19:00:00,Business,438,App,0
F104,2025-07-11 20:00:00,JFK,ATL,2025-06-10 20:00:00,Premium,366,Web,0
F104,2025-07-11 21:00:00,DFW,BOS,2025-06-10 21:00:00,Economy,560,App,1
F104,2025-07-11 22:00:00,DFW,ATL,2025-06-10 22:00:00,Economy,792,Agent,0
F101,2025-07-11 23:00:00,ORD,SEA,2025-06-10 23:00:00,Business,555,Agent,0
F104,2025-07-12 00:00:00,LAX,BOS,2025-06-11 00:00:00,Business,459,Web,0
F102,2025-07-12 01:00:00,LAX,MIA,2025-06-11 01:00:00,Business,167,Agent,0
F104,2025-07-12 02:00:00,LAX,MIA,2025-06-11 02:00:00,Business,962,Agent,0
F104,2025-07-12 03:00:00,DFW,SEA,2025-06-11 03:00:00,Premium,511,Web,0
F102,2025-07-12 04:00:00,ORD,SEA,2025-06-11 04:00:00,Economy,590,App,0
F104,2025-07-12 05:00:00,JFK,BOS,2025-06-11 05:00:00,Business,932,Agent,0
F102,2025-07-12 06:00:00,DFW,MIA,2025-06-11 06:00:00,Premium,148,Web,0
F104,2025-07-12 07:00:00,ORD,MIA,2025-06-11 07:00:00,Business,786,Agent,1
F102,2025-07-12 08:00:00,ORD,MIA,2025-06-11 08:00:00,Business,663,Agent,0
F104,2025-07-12 09:00:00,JFK,MIA,2025-06-11 09:00:00,Economy,201,Agent,1
F104,2025-07-12 10:00:00,JFK,MIA,2025-06-11 10:00:00,Business,315,Agent,0
F101,2025-07-12 11:00:00,JFK,ATL,2025-06-11 11:00:00,Economy,537,Web,0
F101,2025-07-12 12:00:00,LAX,SEA,2025-06-11 12:00:00,Economy,799,Web,0
F104,2025-07-12 13:00:00,JFK,ATL,2025-06-11 13:00:00,Economy,668,Web,0
F104,2025-07-12 14:00:00,ORD,MIA,2025-06-11 14:00:00,Premium,658,Agent,0
F103,2025-07-12 15:00:00,JFK,BOS,2025-06-11 15:00:00,Premium,258,Agent,0
